https://gedcom.io/terms/v7/record-SOUR	https://gedcom.io/terms/v7/ABBR	{0:1}
https://gedcom.io/terms/v7/ADOP	https://gedcom.io/terms/v7/ADDR	{0:1}
https://gedcom.io/terms/v7/ANUL	https://gedcom.io/terms/v7/ADDR	{0:1}
https://gedcom.io/terms/v7/BAPM	https://gedcom.io/terms/v7/ADDR	{0:1}
https://gedcom.io/terms/v7/BARM	https://gedcom.io/terms/v7/ADDR	{0:1}
https://gedcom.io/terms/v7/BASM	https://gedcom.io/terms/v7/ADDR	{0:1}
https://gedcom.io/terms/v7/BIRT	https://gedcom.io/terms/v7/ADDR	{0:1}
https://gedcom.io/terms/v7/BLES	https://gedcom.io/terms/v7/ADDR	{0:1}
https://gedcom.io/terms/v7/BURI	https://gedcom.io/terms/v7/ADDR	{0:1}
https://gedcom.io/terms/v7/CAST	https://gedcom.io/terms/v7/ADDR	{0:1}
https://gedcom.io/terms/v7/CHR	https://gedcom.io/terms/v7/ADDR	{0:1}
https://gedcom.io/terms/v7/CHRA	https://gedcom.io/terms/v7/ADDR	{0:1}
https://gedcom.io/terms/v7/CONF	https://gedcom.io/terms/v7/ADDR	{0:1}
https://gedcom.io/terms/v7/CORP	https://gedcom.io/terms/v7/ADDR	{0:1}
https://gedcom.io/terms/v7/CREM	https://gedcom.io/terms/v7/ADDR	{0:1}
https://gedcom.io/terms/v7/DEAT	https://gedcom.io/terms/v7/ADDR	{0:1}
https://gedcom.io/terms/v7/DIV	https://gedcom.io/terms/v7/ADDR	{0:1}
https://gedcom.io/terms/v7/DIVF	https://gedcom.io/terms/v7/ADDR	{0:1}
https://gedcom.io/terms/v7/DSCR	https://gedcom.io/terms/v7/ADDR	{0:1}
https://gedcom.io/terms/v7/EDUC	https://gedcom.io/terms/v7/ADDR	{0:1}
https://gedcom.io/terms/v7/EMIG	https://gedcom.io/terms/v7/ADDR	{0:1}
https://gedcom.io/terms/v7/ENGA	https://gedcom.io/terms/v7/ADDR	{0:1}
https://gedcom.io/terms/v7/FAM-CENS	https://gedcom.io/terms/v7/ADDR	{0:1}
https://gedcom.io/terms/v7/FAM-EVEN	https://gedcom.io/terms/v7/ADDR	{0:1}
https://gedcom.io/terms/v7/FAM-FACT	https://gedcom.io/terms/v7/ADDR	{0:1}
https://gedcom.io/terms/v7/FAM-NCHI	https://gedcom.io/terms/v7/ADDR	{0:1}
https://gedcom.io/terms/v7/FAM-RESI	https://gedcom.io/terms/v7/ADDR	{0:1}
https://gedcom.io/terms/v7/FCOM	https://gedcom.io/terms/v7/ADDR	{0:1}
https://gedcom.io/terms/v7/GRAD	https://gedcom.io/terms/v7/ADDR	{0:1}
https://gedcom.io/terms/v7/IDNO	https://gedcom.io/terms/v7/ADDR	{0:1}
https://gedcom.io/terms/v7/IMMI	https://gedcom.io/terms/v7/ADDR	{0:1}
https://gedcom.io/terms/v7/INDI-CENS	https://gedcom.io/terms/v7/ADDR	{0:1}
https://gedcom.io/terms/v7/INDI-EVEN	https://gedcom.io/terms/v7/ADDR	{0:1}
https://gedcom.io/terms/v7/INDI-FACT	https://gedcom.io/terms/v7/ADDR	{0:1}
https://gedcom.io/terms/v7/INDI-NCHI	https://gedcom.io/terms/v7/ADDR	{0:1}
https://gedcom.io/terms/v7/INDI-RELI	https://gedcom.io/terms/v7/ADDR	{0:1}
https://gedcom.io/terms/v7/INDI-RESI	https://gedcom.io/terms/v7/ADDR	{0:1}
https://gedcom.io/terms/v7/INDI-TITL	https://gedcom.io/terms/v7/ADDR	{0:1}
https://gedcom.io/terms/v7/MARB	https://gedcom.io/terms/v7/ADDR	{0:1}
https://gedcom.io/terms/v7/MARC	https://gedcom.io/terms/v7/ADDR	{0:1}
https://gedcom.io/terms/v7/MARL	https://gedcom.io/terms/v7/ADDR	{0:1}
https://gedcom.io/terms/v7/MARR	https://gedcom.io/terms/v7/ADDR	{0:1}
https://gedcom.io/terms/v7/MARS	https://gedcom.io/terms/v7/ADDR	{0:1}
https://gedcom.io/terms/v7/NATI	https://gedcom.io/terms/v7/ADDR	{0:1}
https://gedcom.io/terms/v7/NATU	https://gedcom.io/terms/v7/ADDR	{0:1}
https://gedcom.io/terms/v7/NMR	https://gedcom.io/terms/v7/ADDR	{0:1}
https://gedcom.io/terms/v7/OCCU	https://gedcom.io/terms/v7/ADDR	{0:1}
https://gedcom.io/terms/v7/ORDN	https://gedcom.io/terms/v7/ADDR	{0:1}
https://gedcom.io/terms/v7/PROB	https://gedcom.io/terms/v7/ADDR	{0:1}
https://gedcom.io/terms/v7/PROP	https://gedcom.io/terms/v7/ADDR	{0:1}
https://gedcom.io/terms/v7/RETI	https://gedcom.io/terms/v7/ADDR	{0:1}
https://gedcom.io/terms/v7/SSN	https://gedcom.io/terms/v7/ADDR	{0:1}
https://gedcom.io/terms/v7/WILL	https://gedcom.io/terms/v7/ADDR	{0:1}
https://gedcom.io/terms/v7/record-REPO	https://gedcom.io/terms/v7/ADDR	{0:1}
https://gedcom.io/terms/v7/record-SUBM	https://gedcom.io/terms/v7/ADDR	{0:1}
https://gedcom.io/terms/v7/record-INDI	https://gedcom.io/terms/v7/ADOP	{0:M}
https://gedcom.io/terms/v7/ADOP-FAMC	https://gedcom.io/terms/v7/FAMC-ADOP	{0:1}
https://gedcom.io/terms/v7/ADDR	https://gedcom.io/terms/v7/ADR1	{0:1}
https://gedcom.io/terms/v7/ADDR	https://gedcom.io/terms/v7/ADR2	{0:1}
https://gedcom.io/terms/v7/ADDR	https://gedcom.io/terms/v7/ADR3	{0:1}
https://gedcom.io/terms/v7/ADOP	https://gedcom.io/terms/v7/AGE	{0:1}
https://gedcom.io/terms/v7/BAPM	https://gedcom.io/terms/v7/AGE	{0:1}
https://gedcom.io/terms/v7/BARM	https://gedcom.io/terms/v7/AGE	{0:1}
https://gedcom.io/terms/v7/BASM	https://gedcom.io/terms/v7/AGE	{0:1}
https://gedcom.io/terms/v7/BIRT	https://gedcom.io/terms/v7/AGE	{0:1}
https://gedcom.io/terms/v7/BLES	https://gedcom.io/terms/v7/AGE	{0:1}
https://gedcom.io/terms/v7/BURI	https://gedcom.io/terms/v7/AGE	{0:1}
https://gedcom.io/terms/v7/CAST	https://gedcom.io/terms/v7/AGE	{0:1}
https://gedcom.io/terms/v7/CHR	https://gedcom.io/terms/v7/AGE	{0:1}
https://gedcom.io/terms/v7/CHRA	https://gedcom.io/terms/v7/AGE	{0:1}
https://gedcom.io/terms/v7/CONF	https://gedcom.io/terms/v7/AGE	{0:1}
https://gedcom.io/terms/v7/CREM	https://gedcom.io/terms/v7/AGE	{0:1}
https://gedcom.io/terms/v7/DEAT	https://gedcom.io/terms/v7/AGE	{0:1}
https://gedcom.io/terms/v7/DSCR	https://gedcom.io/terms/v7/AGE	{0:1}
https://gedcom.io/terms/v7/EDUC	https://gedcom.io/terms/v7/AGE	{0:1}
https://gedcom.io/terms/v7/EMIG	https://gedcom.io/terms/v7/AGE	{0:1}
https://gedcom.io/terms/v7/FCOM	https://gedcom.io/terms/v7/AGE	{0:1}
https://gedcom.io/terms/v7/GRAD	https://gedcom.io/terms/v7/AGE	{0:1}
https://gedcom.io/terms/v7/HUSB	https://gedcom.io/terms/v7/AGE	{1:1}
https://gedcom.io/terms/v7/IDNO	https://gedcom.io/terms/v7/AGE	{0:1}
https://gedcom.io/terms/v7/IMMI	https://gedcom.io/terms/v7/AGE	{0:1}
https://gedcom.io/terms/v7/INDI-CENS	https://gedcom.io/terms/v7/AGE	{0:1}
https://gedcom.io/terms/v7/INDI-EVEN	https://gedcom.io/terms/v7/AGE	{0:1}
https://gedcom.io/terms/v7/INDI-FACT	https://gedcom.io/terms/v7/AGE	{0:1}
https://gedcom.io/terms/v7/INDI-NCHI	https://gedcom.io/terms/v7/AGE	{0:1}
https://gedcom.io/terms/v7/INDI-RELI	https://gedcom.io/terms/v7/AGE	{0:1}
https://gedcom.io/terms/v7/INDI-RESI	https://gedcom.io/terms/v7/AGE	{0:1}
https://gedcom.io/terms/v7/INDI-TITL	https://gedcom.io/terms/v7/AGE	{0:1}
https://gedcom.io/terms/v7/NATI	https://gedcom.io/terms/v7/AGE	{0:1}
https://gedcom.io/terms/v7/NATU	https://gedcom.io/terms/v7/AGE	{0:1}
https://gedcom.io/terms/v7/NMR	https://gedcom.io/terms/v7/AGE	{0:1}
https://gedcom.io/terms/v7/OCCU	https://gedcom.io/terms/v7/AGE	{0:1}
https://gedcom.io/terms/v7/ORDN	https://gedcom.io/terms/v7/AGE	{0:1}
https://gedcom.io/terms/v7/PROB	https://gedcom.io/terms/v7/AGE	{0:1}
https://gedcom.io/terms/v7/PROP	https://gedcom.io/terms/v7/AGE	{0:1}
https://gedcom.io/terms/v7/RETI	https://gedcom.io/terms/v7/AGE	{0:1}
https://gedcom.io/terms/v7/SSN	https://gedcom.io/terms/v7/AGE	{0:1}
https://gedcom.io/terms/v7/WIFE	https://gedcom.io/terms/v7/AGE	{1:1}
https://gedcom.io/terms/v7/WILL	https://gedcom.io/terms/v7/AGE	{0:1}
https://gedcom.io/terms/v7/ADOP	https://gedcom.io/terms/v7/AGNC	{0:1}
https://gedcom.io/terms/v7/ANUL	https://gedcom.io/terms/v7/AGNC	{0:1}
https://gedcom.io/terms/v7/BAPM	https://gedcom.io/terms/v7/AGNC	{0:1}
https://gedcom.io/terms/v7/BARM	https://gedcom.io/terms/v7/AGNC	{0:1}
https://gedcom.io/terms/v7/BASM	https://gedcom.io/terms/v7/AGNC	{0:1}
https://gedcom.io/terms/v7/BIRT	https://gedcom.io/terms/v7/AGNC	{0:1}
https://gedcom.io/terms/v7/BLES	https://gedcom.io/terms/v7/AGNC	{0:1}
https://gedcom.io/terms/v7/BURI	https://gedcom.io/terms/v7/AGNC	{0:1}
https://gedcom.io/terms/v7/CAST	https://gedcom.io/terms/v7/AGNC	{0:1}
https://gedcom.io/terms/v7/CHR	https://gedcom.io/terms/v7/AGNC	{0:1}
https://gedcom.io/terms/v7/CHRA	https://gedcom.io/terms/v7/AGNC	{0:1}
https://gedcom.io/terms/v7/CONF	https://gedcom.io/terms/v7/AGNC	{0:1}
https://gedcom.io/terms/v7/CREM	https://gedcom.io/terms/v7/AGNC	{0:1}
https://gedcom.io/terms/v7/DATA	https://gedcom.io/terms/v7/AGNC	{0:1}
https://gedcom.io/terms/v7/DEAT	https://gedcom.io/terms/v7/AGNC	{0:1}
https://gedcom.io/terms/v7/DIV	https://gedcom.io/terms/v7/AGNC	{0:1}
https://gedcom.io/terms/v7/DIVF	https://gedcom.io/terms/v7/AGNC	{0:1}
https://gedcom.io/terms/v7/DSCR	https://gedcom.io/terms/v7/AGNC	{0:1}
https://gedcom.io/terms/v7/EDUC	https://gedcom.io/terms/v7/AGNC	{0:1}
https://gedcom.io/terms/v7/EMIG	https://gedcom.io/terms/v7/AGNC	{0:1}
https://gedcom.io/terms/v7/ENGA	https://gedcom.io/terms/v7/AGNC	{0:1}
https://gedcom.io/terms/v7/FAM-CENS	https://gedcom.io/terms/v7/AGNC	{0:1}
https://gedcom.io/terms/v7/FAM-EVEN	https://gedcom.io/terms/v7/AGNC	{0:1}
https://gedcom.io/terms/v7/FAM-FACT	https://gedcom.io/terms/v7/AGNC	{0:1}
https://gedcom.io/terms/v7/FAM-NCHI	https://gedcom.io/terms/v7/AGNC	{0:1}
https://gedcom.io/terms/v7/FAM-RESI	https://gedcom.io/terms/v7/AGNC	{0:1}
https://gedcom.io/terms/v7/FCOM	https://gedcom.io/terms/v7/AGNC	{0:1}
https://gedcom.io/terms/v7/GRAD	https://gedcom.io/terms/v7/AGNC	{0:1}
https://gedcom.io/terms/v7/IDNO	https://gedcom.io/terms/v7/AGNC	{0:1}
https://gedcom.io/terms/v7/IMMI	https://gedcom.io/terms/v7/AGNC	{0:1}
https://gedcom.io/terms/v7/INDI-CENS	https://gedcom.io/terms/v7/AGNC	{0:1}
https://gedcom.io/terms/v7/INDI-EVEN	https://gedcom.io/terms/v7/AGNC	{0:1}
https://gedcom.io/terms/v7/INDI-FACT	https://gedcom.io/terms/v7/AGNC	{0:1}
https://gedcom.io/terms/v7/INDI-NCHI	https://gedcom.io/terms/v7/AGNC	{0:1}
https://gedcom.io/terms/v7/INDI-RELI	https://gedcom.io/terms/v7/AGNC	{0:1}
https://gedcom.io/terms/v7/INDI-RESI	https://gedcom.io/terms/v7/AGNC	{0:1}
https://gedcom.io/terms/v7/INDI-TITL	https://gedcom.io/terms/v7/AGNC	{0:1}
https://gedcom.io/terms/v7/MARB	https://gedcom.io/terms/v7/AGNC	{0:1}
https://gedcom.io/terms/v7/MARC	https://gedcom.io/terms/v7/AGNC	{0:1}
https://gedcom.io/terms/v7/MARL	https://gedcom.io/terms/v7/AGNC	{0:1}
https://gedcom.io/terms/v7/MARR	https://gedcom.io/terms/v7/AGNC	{0:1}
https://gedcom.io/terms/v7/MARS	https://gedcom.io/terms/v7/AGNC	{0:1}
https://gedcom.io/terms/v7/NATI	https://gedcom.io/terms/v7/AGNC	{0:1}
https://gedcom.io/terms/v7/NATU	https://gedcom.io/terms/v7/AGNC	{0:1}
https://gedcom.io/terms/v7/NMR	https://gedcom.io/terms/v7/AGNC	{0:1}
https://gedcom.io/terms/v7/OCCU	https://gedcom.io/terms/v7/AGNC	{0:1}
https://gedcom.io/terms/v7/ORDN	https://gedcom.io/terms/v7/AGNC	{0:1}
https://gedcom.io/terms/v7/PROB	https://gedcom.io/terms/v7/AGNC	{0:1}
https://gedcom.io/terms/v7/PROP	https://gedcom.io/terms/v7/AGNC	{0:1}
https://gedcom.io/terms/v7/RETI	https://gedcom.io/terms/v7/AGNC	{0:1}
https://gedcom.io/terms/v7/SSN	https://gedcom.io/terms/v7/AGNC	{0:1}
https://gedcom.io/terms/v7/WILL	https://gedcom.io/terms/v7/AGNC	{0:1}
https://gedcom.io/terms/v7/record-INDI	https://gedcom.io/terms/v7/ALIA	{0:M}
https://gedcom.io/terms/v7/record-INDI	https://gedcom.io/terms/v7/ANCI	{0:M}
https://gedcom.io/terms/v7/record-FAM	https://gedcom.io/terms/v7/ANUL	{0:M}
https://gedcom.io/terms/v7/ADOP	https://gedcom.io/terms/v7/ASSO	{0:M}
https://gedcom.io/terms/v7/ANUL	https://gedcom.io/terms/v7/ASSO	{0:M}
https://gedcom.io/terms/v7/BAPM	https://gedcom.io/terms/v7/ASSO	{0:M}
https://gedcom.io/terms/v7/BARM	https://gedcom.io/terms/v7/ASSO	{0:M}
https://gedcom.io/terms/v7/BASM	https://gedcom.io/terms/v7/ASSO	{0:M}
https://gedcom.io/terms/v7/BIRT	https://gedcom.io/terms/v7/ASSO	{0:M}
https://gedcom.io/terms/v7/BLES	https://gedcom.io/terms/v7/ASSO	{0:M}
https://gedcom.io/terms/v7/BURI	https://gedcom.io/terms/v7/ASSO	{0:M}
https://gedcom.io/terms/v7/CAST	https://gedcom.io/terms/v7/ASSO	{0:M}
https://gedcom.io/terms/v7/CHR	https://gedcom.io/terms/v7/ASSO	{0:M}
https://gedcom.io/terms/v7/CHRA	https://gedcom.io/terms/v7/ASSO	{0:M}
https://gedcom.io/terms/v7/CONF	https://gedcom.io/terms/v7/ASSO	{0:M}
https://gedcom.io/terms/v7/CREM	https://gedcom.io/terms/v7/ASSO	{0:M}
https://gedcom.io/terms/v7/DEAT	https://gedcom.io/terms/v7/ASSO	{0:M}
https://gedcom.io/terms/v7/DIV	https://gedcom.io/terms/v7/ASSO	{0:M}
https://gedcom.io/terms/v7/DIVF	https://gedcom.io/terms/v7/ASSO	{0:M}
https://gedcom.io/terms/v7/DSCR	https://gedcom.io/terms/v7/ASSO	{0:M}
https://gedcom.io/terms/v7/EDUC	https://gedcom.io/terms/v7/ASSO	{0:M}
https://gedcom.io/terms/v7/EMIG	https://gedcom.io/terms/v7/ASSO	{0:M}
https://gedcom.io/terms/v7/ENGA	https://gedcom.io/terms/v7/ASSO	{0:M}
https://gedcom.io/terms/v7/FAM-CENS	https://gedcom.io/terms/v7/ASSO	{0:M}
https://gedcom.io/terms/v7/FAM-EVEN	https://gedcom.io/terms/v7/ASSO	{0:M}
https://gedcom.io/terms/v7/FAM-FACT	https://gedcom.io/terms/v7/ASSO	{0:M}
https://gedcom.io/terms/v7/FAM-NCHI	https://gedcom.io/terms/v7/ASSO	{0:M}
https://gedcom.io/terms/v7/FAM-RESI	https://gedcom.io/terms/v7/ASSO	{0:M}
https://gedcom.io/terms/v7/FCOM	https://gedcom.io/terms/v7/ASSO	{0:M}
https://gedcom.io/terms/v7/GRAD	https://gedcom.io/terms/v7/ASSO	{0:M}
https://gedcom.io/terms/v7/IDNO	https://gedcom.io/terms/v7/ASSO	{0:M}
https://gedcom.io/terms/v7/IMMI	https://gedcom.io/terms/v7/ASSO	{0:M}
https://gedcom.io/terms/v7/INDI-CENS	https://gedcom.io/terms/v7/ASSO	{0:M}
https://gedcom.io/terms/v7/INDI-EVEN	https://gedcom.io/terms/v7/ASSO	{0:M}
https://gedcom.io/terms/v7/INDI-FACT	https://gedcom.io/terms/v7/ASSO	{0:M}
https://gedcom.io/terms/v7/INDI-NCHI	https://gedcom.io/terms/v7/ASSO	{0:M}
https://gedcom.io/terms/v7/INDI-RELI	https://gedcom.io/terms/v7/ASSO	{0:M}
https://gedcom.io/terms/v7/INDI-RESI	https://gedcom.io/terms/v7/ASSO	{0:M}
https://gedcom.io/terms/v7/INDI-TITL	https://gedcom.io/terms/v7/ASSO	{0:M}
https://gedcom.io/terms/v7/MARB	https://gedcom.io/terms/v7/ASSO	{0:M}
https://gedcom.io/terms/v7/MARC	https://gedcom.io/terms/v7/ASSO	{0:M}
https://gedcom.io/terms/v7/MARL	https://gedcom.io/terms/v7/ASSO	{0:M}
https://gedcom.io/terms/v7/MARR	https://gedcom.io/terms/v7/ASSO	{0:M}
https://gedcom.io/terms/v7/MARS	https://gedcom.io/terms/v7/ASSO	{0:M}
https://gedcom.io/terms/v7/NATI	https://gedcom.io/terms/v7/ASSO	{0:M}
https://gedcom.io/terms/v7/NATU	https://gedcom.io/terms/v7/ASSO	{0:M}
https://gedcom.io/terms/v7/NMR	https://gedcom.io/terms/v7/ASSO	{0:M}
https://gedcom.io/terms/v7/OCCU	https://gedcom.io/terms/v7/ASSO	{0:M}
https://gedcom.io/terms/v7/ORDN	https://gedcom.io/terms/v7/ASSO	{0:M}
https://gedcom.io/terms/v7/PROB	https://gedcom.io/terms/v7/ASSO	{0:M}
https://gedcom.io/terms/v7/PROP	https://gedcom.io/terms/v7/ASSO	{0:M}
https://gedcom.io/terms/v7/RETI	https://gedcom.io/terms/v7/ASSO	{0:M}
https://gedcom.io/terms/v7/SSN	https://gedcom.io/terms/v7/ASSO	{0:M}
https://gedcom.io/terms/v7/WILL	https://gedcom.io/terms/v7/ASSO	{0:M}
https://gedcom.io/terms/v7/record-FAM	https://gedcom.io/terms/v7/ASSO	{0:M}
https://gedcom.io/terms/v7/record-INDI	https://gedcom.io/terms/v7/ASSO	{0:M}
https://gedcom.io/terms/v7/record-SOUR	https://gedcom.io/terms/v7/AUTH	{0:1}
https://gedcom.io/terms/v7/record-INDI	https://gedcom.io/terms/v7/BAPL	{0:M}
https://gedcom.io/terms/v7/record-INDI	https://gedcom.io/terms/v7/BAPM	{0:M}
https://gedcom.io/terms/v7/record-INDI	https://gedcom.io/terms/v7/BARM	{0:M}
https://gedcom.io/terms/v7/record-INDI	https://gedcom.io/terms/v7/BASM	{0:M}
https://gedcom.io/terms/v7/record-INDI	https://gedcom.io/terms/v7/BIRT	{0:M}
https://gedcom.io/terms/v7/record-INDI	https://gedcom.io/terms/v7/BLES	{0:M}
https://gedcom.io/terms/v7/record-INDI	https://gedcom.io/terms/v7/BURI	{0:M}
https://gedcom.io/terms/v7/REPO	https://gedcom.io/terms/v7/CALN	{0:M}
https://gedcom.io/terms/v7/record-INDI	https://gedcom.io/terms/v7/CAST	{0:M}
https://gedcom.io/terms/v7/ADOP	https://gedcom.io/terms/v7/CAUS	{0:1}
https://gedcom.io/terms/v7/ANUL	https://gedcom.io/terms/v7/CAUS	{0:1}
https://gedcom.io/terms/v7/BAPM	https://gedcom.io/terms/v7/CAUS	{0:1}
https://gedcom.io/terms/v7/BARM	https://gedcom.io/terms/v7/CAUS	{0:1}
https://gedcom.io/terms/v7/BASM	https://gedcom.io/terms/v7/CAUS	{0:1}
https://gedcom.io/terms/v7/BIRT	https://gedcom.io/terms/v7/CAUS	{0:1}
https://gedcom.io/terms/v7/BLES	https://gedcom.io/terms/v7/CAUS	{0:1}
https://gedcom.io/terms/v7/BURI	https://gedcom.io/terms/v7/CAUS	{0:1}
https://gedcom.io/terms/v7/CAST	https://gedcom.io/terms/v7/CAUS	{0:1}
https://gedcom.io/terms/v7/CHR	https://gedcom.io/terms/v7/CAUS	{0:1}
https://gedcom.io/terms/v7/CHRA	https://gedcom.io/terms/v7/CAUS	{0:1}
https://gedcom.io/terms/v7/CONF	https://gedcom.io/terms/v7/CAUS	{0:1}
https://gedcom.io/terms/v7/CREM	https://gedcom.io/terms/v7/CAUS	{0:1}
https://gedcom.io/terms/v7/DEAT	https://gedcom.io/terms/v7/CAUS	{0:1}
https://gedcom.io/terms/v7/DIV	https://gedcom.io/terms/v7/CAUS	{0:1}
https://gedcom.io/terms/v7/DIVF	https://gedcom.io/terms/v7/CAUS	{0:1}
https://gedcom.io/terms/v7/DSCR	https://gedcom.io/terms/v7/CAUS	{0:1}
https://gedcom.io/terms/v7/EDUC	https://gedcom.io/terms/v7/CAUS	{0:1}
https://gedcom.io/terms/v7/EMIG	https://gedcom.io/terms/v7/CAUS	{0:1}
https://gedcom.io/terms/v7/ENGA	https://gedcom.io/terms/v7/CAUS	{0:1}
https://gedcom.io/terms/v7/FAM-CENS	https://gedcom.io/terms/v7/CAUS	{0:1}
https://gedcom.io/terms/v7/FAM-EVEN	https://gedcom.io/terms/v7/CAUS	{0:1}
https://gedcom.io/terms/v7/FAM-FACT	https://gedcom.io/terms/v7/CAUS	{0:1}
https://gedcom.io/terms/v7/FAM-NCHI	https://gedcom.io/terms/v7/CAUS	{0:1}
https://gedcom.io/terms/v7/FAM-RESI	https://gedcom.io/terms/v7/CAUS	{0:1}
https://gedcom.io/terms/v7/FCOM	https://gedcom.io/terms/v7/CAUS	{0:1}
https://gedcom.io/terms/v7/GRAD	https://gedcom.io/terms/v7/CAUS	{0:1}
https://gedcom.io/terms/v7/IDNO	https://gedcom.io/terms/v7/CAUS	{0:1}
https://gedcom.io/terms/v7/IMMI	https://gedcom.io/terms/v7/CAUS	{0:1}
https://gedcom.io/terms/v7/INDI-CENS	https://gedcom.io/terms/v7/CAUS	{0:1}
https://gedcom.io/terms/v7/INDI-EVEN	https://gedcom.io/terms/v7/CAUS	{0:1}
https://gedcom.io/terms/v7/INDI-FACT	https://gedcom.io/terms/v7/CAUS	{0:1}
https://gedcom.io/terms/v7/INDI-NCHI	https://gedcom.io/terms/v7/CAUS	{0:1}
https://gedcom.io/terms/v7/INDI-RELI	https://gedcom.io/terms/v7/CAUS	{0:1}
https://gedcom.io/terms/v7/INDI-RESI	https://gedcom.io/terms/v7/CAUS	{0:1}
https://gedcom.io/terms/v7/INDI-TITL	https://gedcom.io/terms/v7/CAUS	{0:1}
https://gedcom.io/terms/v7/MARB	https://gedcom.io/terms/v7/CAUS	{0:1}
https://gedcom.io/terms/v7/MARC	https://gedcom.io/terms/v7/CAUS	{0:1}
https://gedcom.io/terms/v7/MARL	https://gedcom.io/terms/v7/CAUS	{0:1}
https://gedcom.io/terms/v7/MARR	https://gedcom.io/terms/v7/CAUS	{0:1}
https://gedcom.io/terms/v7/MARS	https://gedcom.io/terms/v7/CAUS	{0:1}
https://gedcom.io/terms/v7/NATI	https://gedcom.io/terms/v7/CAUS	{0:1}
https://gedcom.io/terms/v7/NATU	https://gedcom.io/terms/v7/CAUS	{0:1}
https://gedcom.io/terms/v7/NMR	https://gedcom.io/terms/v7/CAUS	{0:1}
https://gedcom.io/terms/v7/OCCU	https://gedcom.io/terms/v7/CAUS	{0:1}
https://gedcom.io/terms/v7/ORDN	https://gedcom.io/terms/v7/CAUS	{0:1}
https://gedcom.io/terms/v7/PROB	https://gedcom.io/terms/v7/CAUS	{0:1}
https://gedcom.io/terms/v7/PROP	https://gedcom.io/terms/v7/CAUS	{0:1}
https://gedcom.io/terms/v7/RETI	https://gedcom.io/terms/v7/CAUS	{0:1}
https://gedcom.io/terms/v7/SSN	https://gedcom.io/terms/v7/CAUS	{0:1}
https://gedcom.io/terms/v7/WILL	https://gedcom.io/terms/v7/CAUS	{0:1}
https://gedcom.io/terms/v7/record-FAM	https://gedcom.io/terms/v7/FAM-CENS	{0:M}
https://gedcom.io/terms/v7/record-INDI	https://gedcom.io/terms/v7/INDI-CENS	{0:M}
https://gedcom.io/terms/v7/record-FAM	https://gedcom.io/terms/v7/CHAN	{0:1}
https://gedcom.io/terms/v7/record-INDI	https://gedcom.io/terms/v7/CHAN	{0:1}
https://gedcom.io/terms/v7/record-OBJE	https://gedcom.io/terms/v7/CHAN	{0:1}
https://gedcom.io/terms/v7/record-REPO	https://gedcom.io/terms/v7/CHAN	{0:1}
https://gedcom.io/terms/v7/record-SNOTE	https://gedcom.io/terms/v7/CHAN	{0:1}
https://gedcom.io/terms/v7/record-SOUR	https://gedcom.io/terms/v7/CHAN	{0:1}
https://gedcom.io/terms/v7/record-SUBM	https://gedcom.io/terms/v7/CHAN	{0:1}
https://gedcom.io/terms/v7/record-FAM	https://gedcom.io/terms/v7/CHIL	{0:M}
https://gedcom.io/terms/v7/record-INDI	https://gedcom.io/terms/v7/CHRA	{0:M}
https://gedcom.io/terms/v7/record-INDI	https://gedcom.io/terms/v7/CHR	{0:M}
https://gedcom.io/terms/v7/ADDR	https://gedcom.io/terms/v7/CITY	{0:1}
https://gedcom.io/terms/v7/record-INDI	https://gedcom.io/terms/v7/CONF	{0:M}
https://gedcom.io/terms/v7/record-INDI	https://gedcom.io/terms/v7/CONL	{0:M}
HEAD pseudostructure	https://gedcom.io/terms/v7/COPR	{0:1}
https://gedcom.io/terms/v7/HEAD-SOUR-DATA	https://gedcom.io/terms/v7/COPR	{0:1}
https://gedcom.io/terms/v7/HEAD-SOUR	https://gedcom.io/terms/v7/CORP	{0:1}
https://gedcom.io/terms/v7/record-FAM	https://gedcom.io/terms/v7/CREA	{0:1}
https://gedcom.io/terms/v7/record-INDI	https://gedcom.io/terms/v7/CREA	{0:1}
https://gedcom.io/terms/v7/record-OBJE	https://gedcom.io/terms/v7/CREA	{0:1}
https://gedcom.io/terms/v7/record-REPO	https://gedcom.io/terms/v7/CREA	{0:1}
https://gedcom.io/terms/v7/record-SNOTE	https://gedcom.io/terms/v7/CREA	{0:1}
https://gedcom.io/terms/v7/record-SOUR	https://gedcom.io/terms/v7/CREA	{0:1}
https://gedcom.io/terms/v7/record-SUBM	https://gedcom.io/terms/v7/CREA	{0:1}
https://gedcom.io/terms/v7/record-INDI	https://gedcom.io/terms/v7/CREM	{0:M}
https://gedcom.io/terms/v7/OBJE	https://gedcom.io/terms/v7/CROP	{0:1}
https://gedcom.io/terms/v7/ADDR	https://gedcom.io/terms/v7/CTRY	{0:1}
https://gedcom.io/terms/v7/record-SOUR	https://gedcom.io/terms/v7/DATA	{0:1}
https://gedcom.io/terms/v7/SOUR	https://gedcom.io/terms/v7/SOUR-DATA	{0:1}
https://gedcom.io/terms/v7/HEAD-SOUR	https://gedcom.io/terms/v7/HEAD-SOUR-DATA	{0:1}
https://gedcom.io/terms/v7/ADOP	https://gedcom.io/terms/v7/DATE	{0:1}
https://gedcom.io/terms/v7/ANUL	https://gedcom.io/terms/v7/DATE	{0:1}
https://gedcom.io/terms/v7/BAPL	https://gedcom.io/terms/v7/DATE	{0:1}
https://gedcom.io/terms/v7/BAPM	https://gedcom.io/terms/v7/DATE	{0:1}
https://gedcom.io/terms/v7/BARM	https://gedcom.io/terms/v7/DATE	{0:1}
https://gedcom.io/terms/v7/BASM	https://gedcom.io/terms/v7/DATE	{0:1}
https://gedcom.io/terms/v7/BIRT	https://gedcom.io/terms/v7/DATE	{0:1}
https://gedcom.io/terms/v7/BLES	https://gedcom.io/terms/v7/DATE	{0:1}
https://gedcom.io/terms/v7/BURI	https://gedcom.io/terms/v7/DATE	{0:1}
https://gedcom.io/terms/v7/CAST	https://gedcom.io/terms/v7/DATE	{0:1}
https://gedcom.io/terms/v7/CHR	https://gedcom.io/terms/v7/DATE	{0:1}
https://gedcom.io/terms/v7/CHRA	https://gedcom.io/terms/v7/DATE	{0:1}
https://gedcom.io/terms/v7/CONF	https://gedcom.io/terms/v7/DATE	{0:1}
https://gedcom.io/terms/v7/CONL	https://gedcom.io/terms/v7/DATE	{0:1}
https://gedcom.io/terms/v7/CREM	https://gedcom.io/terms/v7/DATE	{0:1}
https://gedcom.io/terms/v7/DEAT	https://gedcom.io/terms/v7/DATE	{0:1}
https://gedcom.io/terms/v7/DIV	https://gedcom.io/terms/v7/DATE	{0:1}
https://gedcom.io/terms/v7/DIVF	https://gedcom.io/terms/v7/DATE	{0:1}
https://gedcom.io/terms/v7/DSCR	https://gedcom.io/terms/v7/DATE	{0:1}
https://gedcom.io/terms/v7/EDUC	https://gedcom.io/terms/v7/DATE	{0:1}
https://gedcom.io/terms/v7/EMIG	https://gedcom.io/terms/v7/DATE	{0:1}
https://gedcom.io/terms/v7/ENDL	https://gedcom.io/terms/v7/DATE	{0:1}
https://gedcom.io/terms/v7/ENGA	https://gedcom.io/terms/v7/DATE	{0:1}
https://gedcom.io/terms/v7/FAM-CENS	https://gedcom.io/terms/v7/DATE	{0:1}
https://gedcom.io/terms/v7/FAM-EVEN	https://gedcom.io/terms/v7/DATE	{0:1}
https://gedcom.io/terms/v7/FAM-FACT	https://gedcom.io/terms/v7/DATE	{0:1}
https://gedcom.io/terms/v7/FAM-NCHI	https://gedcom.io/terms/v7/DATE	{0:1}
https://gedcom.io/terms/v7/FAM-RESI	https://gedcom.io/terms/v7/DATE	{0:1}
https://gedcom.io/terms/v7/FCOM	https://gedcom.io/terms/v7/DATE	{0:1}
https://gedcom.io/terms/v7/GRAD	https://gedcom.io/terms/v7/DATE	{0:1}
https://gedcom.io/terms/v7/IDNO	https://gedcom.io/terms/v7/DATE	{0:1}
https://gedcom.io/terms/v7/IMMI	https://gedcom.io/terms/v7/DATE	{0:1}
https://gedcom.io/terms/v7/INDI-CENS	https://gedcom.io/terms/v7/DATE	{0:1}
https://gedcom.io/terms/v7/INDI-EVEN	https://gedcom.io/terms/v7/DATE	{0:1}
https://gedcom.io/terms/v7/INDI-FACT	https://gedcom.io/terms/v7/DATE	{0:1}
https://gedcom.io/terms/v7/INDI-NCHI	https://gedcom.io/terms/v7/DATE	{0:1}
https://gedcom.io/terms/v7/INDI-RELI	https://gedcom.io/terms/v7/DATE	{0:1}
https://gedcom.io/terms/v7/INDI-RESI	https://gedcom.io/terms/v7/DATE	{0:1}
https://gedcom.io/terms/v7/INDI-TITL	https://gedcom.io/terms/v7/DATE	{0:1}
https://gedcom.io/terms/v7/INIL	https://gedcom.io/terms/v7/DATE	{0:1}
https://gedcom.io/terms/v7/MARB	https://gedcom.io/terms/v7/DATE	{0:1}
https://gedcom.io/terms/v7/MARC	https://gedcom.io/terms/v7/DATE	{0:1}
https://gedcom.io/terms/v7/MARL	https://gedcom.io/terms/v7/DATE	{0:1}
https://gedcom.io/terms/v7/MARR	https://gedcom.io/terms/v7/DATE	{0:1}
https://gedcom.io/terms/v7/MARS	https://gedcom.io/terms/v7/DATE	{0:1}
https://gedcom.io/terms/v7/NATI	https://gedcom.io/terms/v7/DATE	{0:1}
https://gedcom.io/terms/v7/NATU	https://gedcom.io/terms/v7/DATE	{0:1}
https://gedcom.io/terms/v7/NMR	https://gedcom.io/terms/v7/DATE	{0:1}
https://gedcom.io/terms/v7/OCCU	https://gedcom.io/terms/v7/DATE	{0:1}
https://gedcom.io/terms/v7/ORDN	https://gedcom.io/terms/v7/DATE	{0:1}
https://gedcom.io/terms/v7/PROB	https://gedcom.io/terms/v7/DATE	{0:1}
https://gedcom.io/terms/v7/PROP	https://gedcom.io/terms/v7/DATE	{0:1}
https://gedcom.io/terms/v7/RETI	https://gedcom.io/terms/v7/DATE	{0:1}
https://gedcom.io/terms/v7/SLGC	https://gedcom.io/terms/v7/DATE	{0:1}
https://gedcom.io/terms/v7/SLGS	https://gedcom.io/terms/v7/DATE	{0:1}
https://gedcom.io/terms/v7/SOUR-DATA	https://gedcom.io/terms/v7/DATE	{0:1}
https://gedcom.io/terms/v7/SSN	https://gedcom.io/terms/v7/DATE	{0:1}
https://gedcom.io/terms/v7/WILL	https://gedcom.io/terms/v7/DATE	{0:1}
https://gedcom.io/terms/v7/CHAN	https://gedcom.io/terms/v7/DATE-exact	{1:1}
https://gedcom.io/terms/v7/CREA	https://gedcom.io/terms/v7/DATE-exact	{1:1}
https://gedcom.io/terms/v7/HEAD-SOUR-DATA	https://gedcom.io/terms/v7/DATE-exact	{0:1}
https://gedcom.io/terms/v7/ord-STAT	https://gedcom.io/terms/v7/DATE-exact	{1:1}
HEAD pseudostructure	https://gedcom.io/terms/v7/HEAD-DATE	{0:1}
https://gedcom.io/terms/v7/NO	https://gedcom.io/terms/v7/NO-DATE	{0:1}
https://gedcom.io/terms/v7/DATA-EVEN	https://gedcom.io/terms/v7/DATA-EVEN-DATE	{0:1}
https://gedcom.io/terms/v7/record-INDI	https://gedcom.io/terms/v7/DEAT	{0:M}
https://gedcom.io/terms/v7/record-INDI	https://gedcom.io/terms/v7/DESI	{0:M}
HEAD pseudostructure	https://gedcom.io/terms/v7/DEST	{0:1}
https://gedcom.io/terms/v7/record-FAM	https://gedcom.io/terms/v7/DIVF	{0:M}
https://gedcom.io/terms/v7/record-FAM	https://gedcom.io/terms/v7/DIV	{0:M}
https://gedcom.io/terms/v7/record-INDI	https://gedcom.io/terms/v7/DSCR	{0:M}
https://gedcom.io/terms/v7/record-INDI	https://gedcom.io/terms/v7/EDUC	{0:M}
https://gedcom.io/terms/v7/ADOP	https://gedcom.io/terms/v7/EMAIL	{0:M}
https://gedcom.io/terms/v7/ANUL	https://gedcom.io/terms/v7/EMAIL	{0:M}
https://gedcom.io/terms/v7/BAPM	https://gedcom.io/terms/v7/EMAIL	{0:M}
https://gedcom.io/terms/v7/BARM	https://gedcom.io/terms/v7/EMAIL	{0:M}
https://gedcom.io/terms/v7/BASM	https://gedcom.io/terms/v7/EMAIL	{0:M}
https://gedcom.io/terms/v7/BIRT	https://gedcom.io/terms/v7/EMAIL	{0:M}
https://gedcom.io/terms/v7/BLES	https://gedcom.io/terms/v7/EMAIL	{0:M}
https://gedcom.io/terms/v7/BURI	https://gedcom.io/terms/v7/EMAIL	{0:M}
https://gedcom.io/terms/v7/CAST	https://gedcom.io/terms/v7/EMAIL	{0:M}
https://gedcom.io/terms/v7/CHR	https://gedcom.io/terms/v7/EMAIL	{0:M}
https://gedcom.io/terms/v7/CHRA	https://gedcom.io/terms/v7/EMAIL	{0:M}
https://gedcom.io/terms/v7/CONF	https://gedcom.io/terms/v7/EMAIL	{0:M}
https://gedcom.io/terms/v7/CORP	https://gedcom.io/terms/v7/EMAIL	{0:M}
https://gedcom.io/terms/v7/CREM	https://gedcom.io/terms/v7/EMAIL	{0:M}
https://gedcom.io/terms/v7/DEAT	https://gedcom.io/terms/v7/EMAIL	{0:M}
https://gedcom.io/terms/v7/DIV	https://gedcom.io/terms/v7/EMAIL	{0:M}
https://gedcom.io/terms/v7/DIVF	https://gedcom.io/terms/v7/EMAIL	{0:M}
https://gedcom.io/terms/v7/DSCR	https://gedcom.io/terms/v7/EMAIL	{0:M}
https://gedcom.io/terms/v7/EDUC	https://gedcom.io/terms/v7/EMAIL	{0:M}
https://gedcom.io/terms/v7/EMIG	https://gedcom.io/terms/v7/EMAIL	{0:M}
https://gedcom.io/terms/v7/ENGA	https://gedcom.io/terms/v7/EMAIL	{0:M}
https://gedcom.io/terms/v7/FAM-CENS	https://gedcom.io/terms/v7/EMAIL	{0:M}
https://gedcom.io/terms/v7/FAM-EVEN	https://gedcom.io/terms/v7/EMAIL	{0:M}
https://gedcom.io/terms/v7/FAM-FACT	https://gedcom.io/terms/v7/EMAIL	{0:M}
https://gedcom.io/terms/v7/FAM-NCHI	https://gedcom.io/terms/v7/EMAIL	{0:M}
https://gedcom.io/terms/v7/FAM-RESI	https://gedcom.io/terms/v7/EMAIL	{0:M}
https://gedcom.io/terms/v7/FCOM	https://gedcom.io/terms/v7/EMAIL	{0:M}
https://gedcom.io/terms/v7/GRAD	https://gedcom.io/terms/v7/EMAIL	{0:M}
https://gedcom.io/terms/v7/IDNO	https://gedcom.io/terms/v7/EMAIL	{0:M}
https://gedcom.io/terms/v7/IMMI	https://gedcom.io/terms/v7/EMAIL	{0:M}
https://gedcom.io/terms/v7/INDI-CENS	https://gedcom.io/terms/v7/EMAIL	{0:M}
https://gedcom.io/terms/v7/INDI-EVEN	https://gedcom.io/terms/v7/EMAIL	{0:M}
https://gedcom.io/terms/v7/INDI-FACT	https://gedcom.io/terms/v7/EMAIL	{0:M}
https://gedcom.io/terms/v7/INDI-NCHI	https://gedcom.io/terms/v7/EMAIL	{0:M}
https://gedcom.io/terms/v7/INDI-RELI	https://gedcom.io/terms/v7/EMAIL	{0:M}
https://gedcom.io/terms/v7/INDI-RESI	https://gedcom.io/terms/v7/EMAIL	{0:M}
https://gedcom.io/terms/v7/INDI-TITL	https://gedcom.io/terms/v7/EMAIL	{0:M}
https://gedcom.io/terms/v7/MARB	https://gedcom.io/terms/v7/EMAIL	{0:M}
https://gedcom.io/terms/v7/MARC	https://gedcom.io/terms/v7/EMAIL	{0:M}
https://gedcom.io/terms/v7/MARL	https://gedcom.io/terms/v7/EMAIL	{0:M}
https://gedcom.io/terms/v7/MARR	https://gedcom.io/terms/v7/EMAIL	{0:M}
https://gedcom.io/terms/v7/MARS	https://gedcom.io/terms/v7/EMAIL	{0:M}
https://gedcom.io/terms/v7/NATI	https://gedcom.io/terms/v7/EMAIL	{0:M}
https://gedcom.io/terms/v7/NATU	https://gedcom.io/terms/v7/EMAIL	{0:M}
https://gedcom.io/terms/v7/NMR	https://gedcom.io/terms/v7/EMAIL	{0:M}
https://gedcom.io/terms/v7/OCCU	https://gedcom.io/terms/v7/EMAIL	{0:M}
https://gedcom.io/terms/v7/ORDN	https://gedcom.io/terms/v7/EMAIL	{0:M}
https://gedcom.io/terms/v7/PROB	https://gedcom.io/terms/v7/EMAIL	{0:M}
https://gedcom.io/terms/v7/PROP	https://gedcom.io/terms/v7/EMAIL	{0:M}
https://gedcom.io/terms/v7/RETI	https://gedcom.io/terms/v7/EMAIL	{0:M}
https://gedcom.io/terms/v7/SSN	https://gedcom.io/terms/v7/EMAIL	{0:M}
https://gedcom.io/terms/v7/WILL	https://gedcom.io/terms/v7/EMAIL	{0:M}
https://gedcom.io/terms/v7/record-REPO	https://gedcom.io/terms/v7/EMAIL	{0:M}
https://gedcom.io/terms/v7/record-SUBM	https://gedcom.io/terms/v7/EMAIL	{0:M}
https://gedcom.io/terms/v7/record-INDI	https://gedcom.io/terms/v7/EMIG	{0:M}
https://gedcom.io/terms/v7/record-INDI	https://gedcom.io/terms/v7/ENDL	{0:M}
https://gedcom.io/terms/v7/record-FAM	https://gedcom.io/terms/v7/ENGA	{0:M}
https://gedcom.io/terms/v7/record-FAM	https://gedcom.io/terms/v7/FAM-EVEN	{0:M}
https://gedcom.io/terms/v7/record-INDI	https://gedcom.io/terms/v7/INDI-EVEN	{0:M}
https://gedcom.io/terms/v7/DATA	https://gedcom.io/terms/v7/DATA-EVEN	{0:M}
https://gedcom.io/terms/v7/SOUR	https://gedcom.io/terms/v7/SOUR-EVEN	{0:1}
https://gedcom.io/terms/v7/PLAC	https://gedcom.io/terms/v7/EXID	{0:M}
https://gedcom.io/terms/v7/record-FAM	https://gedcom.io/terms/v7/EXID	{0:M}
https://gedcom.io/terms/v7/record-INDI	https://gedcom.io/terms/v7/EXID	{0:M}
https://gedcom.io/terms/v7/record-OBJE	https://gedcom.io/terms/v7/EXID	{0:M}
https://gedcom.io/terms/v7/record-REPO	https://gedcom.io/terms/v7/EXID	{0:M}
https://gedcom.io/terms/v7/record-SNOTE	https://gedcom.io/terms/v7/EXID	{0:M}
https://gedcom.io/terms/v7/record-SOUR	https://gedcom.io/terms/v7/EXID	{0:M}
https://gedcom.io/terms/v7/record-SUBM	https://gedcom.io/terms/v7/EXID	{0:M}
https://gedcom.io/terms/v7/record-FAM	https://gedcom.io/terms/v7/FAM-FACT	{0:M}
https://gedcom.io/terms/v7/record-INDI	https://gedcom.io/terms/v7/INDI-FACT	{0:M}
https://gedcom.io/terms/v7/record-INDI	https://gedcom.io/terms/v7/INDI-FAMC	{0:M}
https://gedcom.io/terms/v7/BIRT	https://gedcom.io/terms/v7/FAMC	{0:1}
https://gedcom.io/terms/v7/CHR	https://gedcom.io/terms/v7/FAMC	{0:1}
https://gedcom.io/terms/v7/SLGC	https://gedcom.io/terms/v7/FAMC	{1:1}
https://gedcom.io/terms/v7/ADOP	https://gedcom.io/terms/v7/ADOP-FAMC	{0:1}
https://gedcom.io/terms/v7/record-INDI	https://gedcom.io/terms/v7/FAMS	{0:M}
https://gedcom.io/terms/v7/ADOP	https://gedcom.io/terms/v7/FAX	{0:M}
https://gedcom.io/terms/v7/ANUL	https://gedcom.io/terms/v7/FAX	{0:M}
https://gedcom.io/terms/v7/BAPM	https://gedcom.io/terms/v7/FAX	{0:M}
https://gedcom.io/terms/v7/BARM	https://gedcom.io/terms/v7/FAX	{0:M}
https://gedcom.io/terms/v7/BASM	https://gedcom.io/terms/v7/FAX	{0:M}
https://gedcom.io/terms/v7/BIRT	https://gedcom.io/terms/v7/FAX	{0:M}
https://gedcom.io/terms/v7/BLES	https://gedcom.io/terms/v7/FAX	{0:M}
https://gedcom.io/terms/v7/BURI	https://gedcom.io/terms/v7/FAX	{0:M}
https://gedcom.io/terms/v7/CAST	https://gedcom.io/terms/v7/FAX	{0:M}
https://gedcom.io/terms/v7/CHR	https://gedcom.io/terms/v7/FAX	{0:M}
https://gedcom.io/terms/v7/CHRA	https://gedcom.io/terms/v7/FAX	{0:M}
https://gedcom.io/terms/v7/CONF	https://gedcom.io/terms/v7/FAX	{0:M}
https://gedcom.io/terms/v7/CORP	https://gedcom.io/terms/v7/FAX	{0:M}
https://gedcom.io/terms/v7/CREM	https://gedcom.io/terms/v7/FAX	{0:M}
https://gedcom.io/terms/v7/DEAT	https://gedcom.io/terms/v7/FAX	{0:M}
https://gedcom.io/terms/v7/DIV	https://gedcom.io/terms/v7/FAX	{0:M}
https://gedcom.io/terms/v7/DIVF	https://gedcom.io/terms/v7/FAX	{0:M}
https://gedcom.io/terms/v7/DSCR	https://gedcom.io/terms/v7/FAX	{0:M}
https://gedcom.io/terms/v7/EDUC	https://gedcom.io/terms/v7/FAX	{0:M}
https://gedcom.io/terms/v7/EMIG	https://gedcom.io/terms/v7/FAX	{0:M}
https://gedcom.io/terms/v7/ENGA	https://gedcom.io/terms/v7/FAX	{0:M}
https://gedcom.io/terms/v7/FAM-CENS	https://gedcom.io/terms/v7/FAX	{0:M}
https://gedcom.io/terms/v7/FAM-EVEN	https://gedcom.io/terms/v7/FAX	{0:M}
https://gedcom.io/terms/v7/FAM-FACT	https://gedcom.io/terms/v7/FAX	{0:M}
https://gedcom.io/terms/v7/FAM-NCHI	https://gedcom.io/terms/v7/FAX	{0:M}
https://gedcom.io/terms/v7/FAM-RESI	https://gedcom.io/terms/v7/FAX	{0:M}
https://gedcom.io/terms/v7/FCOM	https://gedcom.io/terms/v7/FAX	{0:M}
https://gedcom.io/terms/v7/GRAD	https://gedcom.io/terms/v7/FAX	{0:M}
https://gedcom.io/terms/v7/IDNO	https://gedcom.io/terms/v7/FAX	{0:M}
https://gedcom.io/terms/v7/IMMI	https://gedcom.io/terms/v7/FAX	{0:M}
https://gedcom.io/terms/v7/INDI-CENS	https://gedcom.io/terms/v7/FAX	{0:M}
https://gedcom.io/terms/v7/INDI-EVEN	https://gedcom.io/terms/v7/FAX	{0:M}
https://gedcom.io/terms/v7/INDI-FACT	https://gedcom.io/terms/v7/FAX	{0:M}
https://gedcom.io/terms/v7/INDI-NCHI	https://gedcom.io/terms/v7/FAX	{0:M}
https://gedcom.io/terms/v7/INDI-RELI	https://gedcom.io/terms/v7/FAX	{0:M}
https://gedcom.io/terms/v7/INDI-RESI	https://gedcom.io/terms/v7/FAX	{0:M}
https://gedcom.io/terms/v7/INDI-TITL	https://gedcom.io/terms/v7/FAX	{0:M}
https://gedcom.io/terms/v7/MARB	https://gedcom.io/terms/v7/FAX	{0:M}
https://gedcom.io/terms/v7/MARC	https://gedcom.io/terms/v7/FAX	{0:M}
https://gedcom.io/terms/v7/MARL	https://gedcom.io/terms/v7/FAX	{0:M}
https://gedcom.io/terms/v7/MARR	https://gedcom.io/terms/v7/FAX	{0:M}
https://gedcom.io/terms/v7/MARS	https://gedcom.io/terms/v7/FAX	{0:M}
https://gedcom.io/terms/v7/NATI	https://gedcom.io/terms/v7/FAX	{0:M}
https://gedcom.io/terms/v7/NATU	https://gedcom.io/terms/v7/FAX	{0:M}
https://gedcom.io/terms/v7/NMR	https://gedcom.io/terms/v7/FAX	{0:M}
https://gedcom.io/terms/v7/OCCU	https://gedcom.io/terms/v7/FAX	{0:M}
https://gedcom.io/terms/v7/ORDN	https://gedcom.io/terms/v7/FAX	{0:M}
https://gedcom.io/terms/v7/PROB	https://gedcom.io/terms/v7/FAX	{0:M}
https://gedcom.io/terms/v7/PROP	https://gedcom.io/terms/v7/FAX	{0:M}
https://gedcom.io/terms/v7/RETI	https://gedcom.io/terms/v7/FAX	{0:M}
https://gedcom.io/terms/v7/SSN	https://gedcom.io/terms/v7/FAX	{0:M}
https://gedcom.io/terms/v7/WILL	https://gedcom.io/terms/v7/FAX	{0:M}
https://gedcom.io/terms/v7/record-REPO	https://gedcom.io/terms/v7/FAX	{0:M}
https://gedcom.io/terms/v7/record-SUBM	https://gedcom.io/terms/v7/FAX	{0:M}
https://gedcom.io/terms/v7/record-INDI	https://gedcom.io/terms/v7/FCOM	{0:M}
https://gedcom.io/terms/v7/record-OBJE	https://gedcom.io/terms/v7/FILE	{1:M}
https://gedcom.io/terms/v7/FILE	https://gedcom.io/terms/v7/FORM	{1:1}
https://gedcom.io/terms/v7/FILE-TRAN	https://gedcom.io/terms/v7/FORM	{1:1}
https://gedcom.io/terms/v7/PLAC	https://gedcom.io/terms/v7/PLAC-FORM	{0:1}
https://gedcom.io/terms/v7/HEAD-PLAC	https://gedcom.io/terms/v7/HEAD-PLAC-FORM	{1:1}
HEAD pseudostructure	https://gedcom.io/terms/v7/GEDC	{1:1}
https://gedcom.io/terms/v7/INDI-NAME	https://gedcom.io/terms/v7/GIVN	{0:M}
https://gedcom.io/terms/v7/NAME-TRAN	https://gedcom.io/terms/v7/GIVN	{0:M}
https://gedcom.io/terms/v7/record-INDI	https://gedcom.io/terms/v7/GRAD	{0:M}
https://gedcom.io/terms/v7/CROP	https://gedcom.io/terms/v7/HEIGHT	{0:1}
https://gedcom.io/terms/v7/ANUL	https://gedcom.io/terms/v7/HUSB	{0:1}
https://gedcom.io/terms/v7/DIV	https://gedcom.io/terms/v7/HUSB	{0:1}
https://gedcom.io/terms/v7/DIVF	https://gedcom.io/terms/v7/HUSB	{0:1}
https://gedcom.io/terms/v7/ENGA	https://gedcom.io/terms/v7/HUSB	{0:1}
https://gedcom.io/terms/v7/FAM-CENS	https://gedcom.io/terms/v7/HUSB	{0:1}
https://gedcom.io/terms/v7/FAM-EVEN	https://gedcom.io/terms/v7/HUSB	{0:1}
https://gedcom.io/terms/v7/FAM-FACT	https://gedcom.io/terms/v7/HUSB	{0:1}
https://gedcom.io/terms/v7/FAM-NCHI	https://gedcom.io/terms/v7/HUSB	{0:1}
https://gedcom.io/terms/v7/FAM-RESI	https://gedcom.io/terms/v7/HUSB	{0:1}
https://gedcom.io/terms/v7/MARB	https://gedcom.io/terms/v7/HUSB	{0:1}
https://gedcom.io/terms/v7/MARC	https://gedcom.io/terms/v7/HUSB	{0:1}
https://gedcom.io/terms/v7/MARL	https://gedcom.io/terms/v7/HUSB	{0:1}
https://gedcom.io/terms/v7/MARR	https://gedcom.io/terms/v7/HUSB	{0:1}
https://gedcom.io/terms/v7/MARS	https://gedcom.io/terms/v7/HUSB	{0:1}
https://gedcom.io/terms/v7/record-FAM	https://gedcom.io/terms/v7/FAM-HUSB	{0:1}
https://gedcom.io/terms/v7/record-INDI	https://gedcom.io/terms/v7/IDNO	{0:M}
https://gedcom.io/terms/v7/record-INDI	https://gedcom.io/terms/v7/IMMI	{0:M}
https://gedcom.io/terms/v7/record-INDI	https://gedcom.io/terms/v7/INIL	{0:M}
https://gedcom.io/terms/v7/NAME-TRAN	https://gedcom.io/terms/v7/LANG	{1:1}
https://gedcom.io/terms/v7/NOTE	https://gedcom.io/terms/v7/LANG	{0:1}
https://gedcom.io/terms/v7/NOTE-TRAN	https://gedcom.io/terms/v7/LANG	{0:1}
https://gedcom.io/terms/v7/PLAC	https://gedcom.io/terms/v7/LANG	{0:1}
https://gedcom.io/terms/v7/PLAC-TRAN	https://gedcom.io/terms/v7/LANG	{1:1}
https://gedcom.io/terms/v7/TEXT	https://gedcom.io/terms/v7/LANG	{0:1}
https://gedcom.io/terms/v7/record-SNOTE	https://gedcom.io/terms/v7/LANG	{0:1}
HEAD pseudostructure	https://gedcom.io/terms/v7/HEAD-LANG	{0:1}
https://gedcom.io/terms/v7/record-SUBM	https://gedcom.io/terms/v7/SUBM-LANG	{0:M}
https://gedcom.io/terms/v7/MAP	https://gedcom.io/terms/v7/LATI	{1:1}
https://gedcom.io/terms/v7/CROP	https://gedcom.io/terms/v7/LEFT	{0:1}
https://gedcom.io/terms/v7/MAP	https://gedcom.io/terms/v7/LONG	{1:1}
https://gedcom.io/terms/v7/PLAC	https://gedcom.io/terms/v7/MAP	{0:1}
https://gedcom.io/terms/v7/record-FAM	https://gedcom.io/terms/v7/MARB	{0:M}
https://gedcom.io/terms/v7/record-FAM	https://gedcom.io/terms/v7/MARC	{0:M}
https://gedcom.io/terms/v7/record-FAM	https://gedcom.io/terms/v7/MARL	{0:M}
https://gedcom.io/terms/v7/record-FAM	https://gedcom.io/terms/v7/MARR	{0:M}
https://gedcom.io/terms/v7/record-FAM	https://gedcom.io/terms/v7/MARS	{0:M}
https://gedcom.io/terms/v7/CALN	https://gedcom.io/terms/v7/MEDI	{0:1}
https://gedcom.io/terms/v7/FORM	https://gedcom.io/terms/v7/MEDI	{0:1}
https://gedcom.io/terms/v7/NOTE	https://gedcom.io/terms/v7/MIME	{0:1}
https://gedcom.io/terms/v7/NOTE-TRAN	https://gedcom.io/terms/v7/MIME	{0:1}
https://gedcom.io/terms/v7/TEXT	https://gedcom.io/terms/v7/MIME	{0:1}
https://gedcom.io/terms/v7/record-SNOTE	https://gedcom.io/terms/v7/MIME	{0:1}
https://gedcom.io/terms/v7/HEAD-SOUR	https://gedcom.io/terms/v7/NAME	{0:1}
https://gedcom.io/terms/v7/record-REPO	https://gedcom.io/terms/v7/NAME	{1:1}
https://gedcom.io/terms/v7/record-SUBM	https://gedcom.io/terms/v7/NAME	{1:1}
https://gedcom.io/terms/v7/record-INDI	https://gedcom.io/terms/v7/INDI-NAME	{0:M}
https://gedcom.io/terms/v7/record-INDI	https://gedcom.io/terms/v7/NATI	{0:M}
https://gedcom.io/terms/v7/record-INDI	https://gedcom.io/terms/v7/NATU	{0:M}
https://gedcom.io/terms/v7/record-FAM	https://gedcom.io/terms/v7/FAM-NCHI	{0:M}
https://gedcom.io/terms/v7/record-INDI	https://gedcom.io/terms/v7/INDI-NCHI	{0:M}
https://gedcom.io/terms/v7/INDI-NAME	https://gedcom.io/terms/v7/NICK	{0:M}
https://gedcom.io/terms/v7/NAME-TRAN	https://gedcom.io/terms/v7/NICK	{0:M}
https://gedcom.io/terms/v7/record-INDI	https://gedcom.io/terms/v7/NMR	{0:M}
https://gedcom.io/terms/v7/record-FAM	https://gedcom.io/terms/v7/NO	{0:M}
https://gedcom.io/terms/v7/record-INDI	https://gedcom.io/terms/v7/NO	{0:M}
HEAD pseudostructure	https://gedcom.io/terms/v7/NOTE	{0:1}
https://gedcom.io/terms/v7/ADOP	https://gedcom.io/terms/v7/NOTE	{0:M}
https://gedcom.io/terms/v7/ANUL	https://gedcom.io/terms/v7/NOTE	{0:M}
https://gedcom.io/terms/v7/ASSO	https://gedcom.io/terms/v7/NOTE	{0:M}
https://gedcom.io/terms/v7/BAPL	https://gedcom.io/terms/v7/NOTE	{0:M}
https://gedcom.io/terms/v7/BAPM	https://gedcom.io/terms/v7/NOTE	{0:M}
https://gedcom.io/terms/v7/BARM	https://gedcom.io/terms/v7/NOTE	{0:M}
https://gedcom.io/terms/v7/BASM	https://gedcom.io/terms/v7/NOTE	{0:M}
https://gedcom.io/terms/v7/BIRT	https://gedcom.io/terms/v7/NOTE	{0:M}
https://gedcom.io/terms/v7/BLES	https://gedcom.io/terms/v7/NOTE	{0:M}
https://gedcom.io/terms/v7/BURI	https://gedcom.io/terms/v7/NOTE	{0:M}
https://gedcom.io/terms/v7/CAST	https://gedcom.io/terms/v7/NOTE	{0:M}
https://gedcom.io/terms/v7/CHAN	https://gedcom.io/terms/v7/NOTE	{0:M}
https://gedcom.io/terms/v7/CHR	https://gedcom.io/terms/v7/NOTE	{0:M}
https://gedcom.io/terms/v7/CHRA	https://gedcom.io/terms/v7/NOTE	{0:M}
https://gedcom.io/terms/v7/CONF	https://gedcom.io/terms/v7/NOTE	{0:M}
https://gedcom.io/terms/v7/CONL	https://gedcom.io/terms/v7/NOTE	{0:M}
https://gedcom.io/terms/v7/CREM	https://gedcom.io/terms/v7/NOTE	{0:M}
https://gedcom.io/terms/v7/DATA	https://gedcom.io/terms/v7/NOTE	{0:M}
https://gedcom.io/terms/v7/DEAT	https://gedcom.io/terms/v7/NOTE	{0:M}
https://gedcom.io/terms/v7/DIV	https://gedcom.io/terms/v7/NOTE	{0:M}
https://gedcom.io/terms/v7/DIVF	https://gedcom.io/terms/v7/NOTE	{0:M}
https://gedcom.io/terms/v7/DSCR	https://gedcom.io/terms/v7/NOTE	{0:M}
https://gedcom.io/terms/v7/EDUC	https://gedcom.io/terms/v7/NOTE	{0:M}
https://gedcom.io/terms/v7/EMIG	https://gedcom.io/terms/v7/NOTE	{0:M}
https://gedcom.io/terms/v7/ENDL	https://gedcom.io/terms/v7/NOTE	{0:M}
https://gedcom.io/terms/v7/ENGA	https://gedcom.io/terms/v7/NOTE	{0:M}
https://gedcom.io/terms/v7/FAM-CENS	https://gedcom.io/terms/v7/NOTE	{0:M}
https://gedcom.io/terms/v7/FAM-EVEN	https://gedcom.io/terms/v7/NOTE	{0:M}
https://gedcom.io/terms/v7/FAM-FACT	https://gedcom.io/terms/v7/NOTE	{0:M}
https://gedcom.io/terms/v7/FAM-NCHI	https://gedcom.io/terms/v7/NOTE	{0:M}
https://gedcom.io/terms/v7/FAM-RESI	https://gedcom.io/terms/v7/NOTE	{0:M}
https://gedcom.io/terms/v7/FAMS	https://gedcom.io/terms/v7/NOTE	{0:M}
https://gedcom.io/terms/v7/FCOM	https://gedcom.io/terms/v7/NOTE	{0:M}
https://gedcom.io/terms/v7/GRAD	https://gedcom.io/terms/v7/NOTE	{0:M}
https://gedcom.io/terms/v7/IDNO	https://gedcom.io/terms/v7/NOTE	{0:M}
https://gedcom.io/terms/v7/IMMI	https://gedcom.io/terms/v7/NOTE	{0:M}
https://gedcom.io/terms/v7/INDI-CENS	https://gedcom.io/terms/v7/NOTE	{0:M}
https://gedcom.io/terms/v7/INDI-EVEN	https://gedcom.io/terms/v7/NOTE	{0:M}
https://gedcom.io/terms/v7/INDI-FACT	https://gedcom.io/terms/v7/NOTE	{0:M}
https://gedcom.io/terms/v7/INDI-FAMC	https://gedcom.io/terms/v7/NOTE	{0:M}
https://gedcom.io/terms/v7/INDI-NAME	https://gedcom.io/terms/v7/NOTE	{0:M}
https://gedcom.io/terms/v7/INDI-NCHI	https://gedcom.io/terms/v7/NOTE	{0:M}
https://gedcom.io/terms/v7/INDI-RELI	https://gedcom.io/terms/v7/NOTE	{0:M}
https://gedcom.io/terms/v7/INDI-RESI	https://gedcom.io/terms/v7/NOTE	{0:M}
https://gedcom.io/terms/v7/INDI-TITL	https://gedcom.io/terms/v7/NOTE	{0:M}
https://gedcom.io/terms/v7/INIL	https://gedcom.io/terms/v7/NOTE	{0:M}
https://gedcom.io/terms/v7/MARB	https://gedcom.io/terms/v7/NOTE	{0:M}
https://gedcom.io/terms/v7/MARC	https://gedcom.io/terms/v7/NOTE	{0:M}
https://gedcom.io/terms/v7/MARL	https://gedcom.io/terms/v7/NOTE	{0:M}
https://gedcom.io/terms/v7/MARR	https://gedcom.io/terms/v7/NOTE	{0:M}
https://gedcom.io/terms/v7/MARS	https://gedcom.io/terms/v7/NOTE	{0:M}
https://gedcom.io/terms/v7/NATI	https://gedcom.io/terms/v7/NOTE	{0:M}
https://gedcom.io/terms/v7/NATU	https://gedcom.io/terms/v7/NOTE	{0:M}
https://gedcom.io/terms/v7/NMR	https://gedcom.io/terms/v7/NOTE	{0:M}
https://gedcom.io/terms/v7/NO	https://gedcom.io/terms/v7/NOTE	{0:M}
https://gedcom.io/terms/v7/OCCU	https://gedcom.io/terms/v7/NOTE	{0:M}
https://gedcom.io/terms/v7/ORDN	https://gedcom.io/terms/v7/NOTE	{0:M}
https://gedcom.io/terms/v7/PLAC	https://gedcom.io/terms/v7/NOTE	{0:M}
https://gedcom.io/terms/v7/PROB	https://gedcom.io/terms/v7/NOTE	{0:M}
https://gedcom.io/terms/v7/PROP	https://gedcom.io/terms/v7/NOTE	{0:M}
https://gedcom.io/terms/v7/REPO	https://gedcom.io/terms/v7/NOTE	{0:M}
https://gedcom.io/terms/v7/RETI	https://gedcom.io/terms/v7/NOTE	{0:M}
https://gedcom.io/terms/v7/SLGC	https://gedcom.io/terms/v7/NOTE	{0:M}
https://gedcom.io/terms/v7/SLGS	https://gedcom.io/terms/v7/NOTE	{0:M}
https://gedcom.io/terms/v7/SOUR	https://gedcom.io/terms/v7/NOTE	{0:M}
https://gedcom.io/terms/v7/SSN	https://gedcom.io/terms/v7/NOTE	{0:M}
https://gedcom.io/terms/v7/WILL	https://gedcom.io/terms/v7/NOTE	{0:M}
https://gedcom.io/terms/v7/record-FAM	https://gedcom.io/terms/v7/NOTE	{0:M}
https://gedcom.io/terms/v7/record-INDI	https://gedcom.io/terms/v7/NOTE	{0:M}
https://gedcom.io/terms/v7/record-OBJE	https://gedcom.io/terms/v7/NOTE	{0:M}
https://gedcom.io/terms/v7/record-REPO	https://gedcom.io/terms/v7/NOTE	{0:M}
https://gedcom.io/terms/v7/record-SOUR	https://gedcom.io/terms/v7/NOTE	{0:M}
https://gedcom.io/terms/v7/record-SUBM	https://gedcom.io/terms/v7/NOTE	{0:M}
https://gedcom.io/terms/v7/INDI-NAME	https://gedcom.io/terms/v7/NPFX	{0:M}
https://gedcom.io/terms/v7/NAME-TRAN	https://gedcom.io/terms/v7/NPFX	{0:M}
https://gedcom.io/terms/v7/INDI-NAME	https://gedcom.io/terms/v7/NSFX	{0:M}
https://gedcom.io/terms/v7/NAME-TRAN	https://gedcom.io/terms/v7/NSFX	{0:M}
https://gedcom.io/terms/v7/ADOP	https://gedcom.io/terms/v7/OBJE	{0:M}
https://gedcom.io/terms/v7/ANUL	https://gedcom.io/terms/v7/OBJE	{0:M}
https://gedcom.io/terms/v7/BAPM	https://gedcom.io/terms/v7/OBJE	{0:M}
https://gedcom.io/terms/v7/BARM	https://gedcom.io/terms/v7/OBJE	{0:M}
https://gedcom.io/terms/v7/BASM	https://gedcom.io/terms/v7/OBJE	{0:M}
https://gedcom.io/terms/v7/BIRT	https://gedcom.io/terms/v7/OBJE	{0:M}
https://gedcom.io/terms/v7/BLES	https://gedcom.io/terms/v7/OBJE	{0:M}
https://gedcom.io/terms/v7/BURI	https://gedcom.io/terms/v7/OBJE	{0:M}
https://gedcom.io/terms/v7/CAST	https://gedcom.io/terms/v7/OBJE	{0:M}
https://gedcom.io/terms/v7/CHR	https://gedcom.io/terms/v7/OBJE	{0:M}
https://gedcom.io/terms/v7/CHRA	https://gedcom.io/terms/v7/OBJE	{0:M}
https://gedcom.io/terms/v7/CONF	https://gedcom.io/terms/v7/OBJE	{0:M}
https://gedcom.io/terms/v7/CREM	https://gedcom.io/terms/v7/OBJE	{0:M}
https://gedcom.io/terms/v7/DEAT	https://gedcom.io/terms/v7/OBJE	{0:M}
https://gedcom.io/terms/v7/DIV	https://gedcom.io/terms/v7/OBJE	{0:M}
https://gedcom.io/terms/v7/DIVF	https://gedcom.io/terms/v7/OBJE	{0:M}
https://gedcom.io/terms/v7/DSCR	https://gedcom.io/terms/v7/OBJE	{0:M}
https://gedcom.io/terms/v7/EDUC	https://gedcom.io/terms/v7/OBJE	{0:M}
https://gedcom.io/terms/v7/EMIG	https://gedcom.io/terms/v7/OBJE	{0:M}
https://gedcom.io/terms/v7/ENGA	https://gedcom.io/terms/v7/OBJE	{0:M}
https://gedcom.io/terms/v7/FAM-CENS	https://gedcom.io/terms/v7/OBJE	{0:M}
https://gedcom.io/terms/v7/FAM-EVEN	https://gedcom.io/terms/v7/OBJE	{0:M}
https://gedcom.io/terms/v7/FAM-FACT	https://gedcom.io/terms/v7/OBJE	{0:M}
https://gedcom.io/terms/v7/FAM-NCHI	https://gedcom.io/terms/v7/OBJE	{0:M}
https://gedcom.io/terms/v7/FAM-RESI	https://gedcom.io/terms/v7/OBJE	{0:M}
https://gedcom.io/terms/v7/FCOM	https://gedcom.io/terms/v7/OBJE	{0:M}
https://gedcom.io/terms/v7/GRAD	https://gedcom.io/terms/v7/OBJE	{0:M}
https://gedcom.io/terms/v7/IDNO	https://gedcom.io/terms/v7/OBJE	{0:M}
https://gedcom.io/terms/v7/IMMI	https://gedcom.io/terms/v7/OBJE	{0:M}
https://gedcom.io/terms/v7/INDI-CENS	https://gedcom.io/terms/v7/OBJE	{0:M}
https://gedcom.io/terms/v7/INDI-EVEN	https://gedcom.io/terms/v7/OBJE	{0:M}
https://gedcom.io/terms/v7/INDI-FACT	https://gedcom.io/terms/v7/OBJE	{0:M}
https://gedcom.io/terms/v7/INDI-NCHI	https://gedcom.io/terms/v7/OBJE	{0:M}
https://gedcom.io/terms/v7/INDI-RELI	https://gedcom.io/terms/v7/OBJE	{0:M}
https://gedcom.io/terms/v7/INDI-RESI	https://gedcom.io/terms/v7/OBJE	{0:M}
https://gedcom.io/terms/v7/INDI-TITL	https://gedcom.io/terms/v7/OBJE	{0:M}
https://gedcom.io/terms/v7/MARB	https://gedcom.io/terms/v7/OBJE	{0:M}
https://gedcom.io/terms/v7/MARC	https://gedcom.io/terms/v7/OBJE	{0:M}
https://gedcom.io/terms/v7/MARL	https://gedcom.io/terms/v7/OBJE	{0:M}
https://gedcom.io/terms/v7/MARR	https://gedcom.io/terms/v7/OBJE	{0:M}
https://gedcom.io/terms/v7/MARS	https://gedcom.io/terms/v7/OBJE	{0:M}
https://gedcom.io/terms/v7/NATI	https://gedcom.io/terms/v7/OBJE	{0:M}
https://gedcom.io/terms/v7/NATU	https://gedcom.io/terms/v7/OBJE	{0:M}
https://gedcom.io/terms/v7/NMR	https://gedcom.io/terms/v7/OBJE	{0:M}
https://gedcom.io/terms/v7/OCCU	https://gedcom.io/terms/v7/OBJE	{0:M}
https://gedcom.io/terms/v7/ORDN	https://gedcom.io/terms/v7/OBJE	{0:M}
https://gedcom.io/terms/v7/PROB	https://gedcom.io/terms/v7/OBJE	{0:M}
https://gedcom.io/terms/v7/PROP	https://gedcom.io/terms/v7/OBJE	{0:M}
https://gedcom.io/terms/v7/RETI	https://gedcom.io/terms/v7/OBJE	{0:M}
https://gedcom.io/terms/v7/SOUR	https://gedcom.io/terms/v7/OBJE	{0:M}
https://gedcom.io/terms/v7/SSN	https://gedcom.io/terms/v7/OBJE	{0:M}
https://gedcom.io/terms/v7/WILL	https://gedcom.io/terms/v7/OBJE	{0:M}
https://gedcom.io/terms/v7/record-FAM	https://gedcom.io/terms/v7/OBJE	{0:M}
https://gedcom.io/terms/v7/record-INDI	https://gedcom.io/terms/v7/OBJE	{0:M}
https://gedcom.io/terms/v7/record-SOUR	https://gedcom.io/terms/v7/OBJE	{0:M}
https://gedcom.io/terms/v7/record-SUBM	https://gedcom.io/terms/v7/OBJE	{0:M}
https://gedcom.io/terms/v7/record-INDI	https://gedcom.io/terms/v7/OCCU	{0:M}
https://gedcom.io/terms/v7/record-INDI	https://gedcom.io/terms/v7/ORDN	{0:M}
https://gedcom.io/terms/v7/SOUR	https://gedcom.io/terms/v7/PAGE	{0:1}
https://gedcom.io/terms/v7/INDI-FAMC	https://gedcom.io/terms/v7/PEDI	{0:1}
https://gedcom.io/terms/v7/ADOP	https://gedcom.io/terms/v7/PHON	{0:M}
https://gedcom.io/terms/v7/ANUL	https://gedcom.io/terms/v7/PHON	{0:M}
https://gedcom.io/terms/v7/BAPM	https://gedcom.io/terms/v7/PHON	{0:M}
https://gedcom.io/terms/v7/BARM	https://gedcom.io/terms/v7/PHON	{0:M}
https://gedcom.io/terms/v7/BASM	https://gedcom.io/terms/v7/PHON	{0:M}
https://gedcom.io/terms/v7/BIRT	https://gedcom.io/terms/v7/PHON	{0:M}
https://gedcom.io/terms/v7/BLES	https://gedcom.io/terms/v7/PHON	{0:M}
https://gedcom.io/terms/v7/BURI	https://gedcom.io/terms/v7/PHON	{0:M}
https://gedcom.io/terms/v7/CAST	https://gedcom.io/terms/v7/PHON	{0:M}
https://gedcom.io/terms/v7/CHR	https://gedcom.io/terms/v7/PHON	{0:M}
https://gedcom.io/terms/v7/CHRA	https://gedcom.io/terms/v7/PHON	{0:M}
https://gedcom.io/terms/v7/CONF	https://gedcom.io/terms/v7/PHON	{0:M}
https://gedcom.io/terms/v7/CORP	https://gedcom.io/terms/v7/PHON	{0:M}
https://gedcom.io/terms/v7/CREM	https://gedcom.io/terms/v7/PHON	{0:M}
https://gedcom.io/terms/v7/DEAT	https://gedcom.io/terms/v7/PHON	{0:M}
https://gedcom.io/terms/v7/DIV	https://gedcom.io/terms/v7/PHON	{0:M}
https://gedcom.io/terms/v7/DIVF	https://gedcom.io/terms/v7/PHON	{0:M}
https://gedcom.io/terms/v7/DSCR	https://gedcom.io/terms/v7/PHON	{0:M}
https://gedcom.io/terms/v7/EDUC	https://gedcom.io/terms/v7/PHON	{0:M}
https://gedcom.io/terms/v7/EMIG	https://gedcom.io/terms/v7/PHON	{0:M}
https://gedcom.io/terms/v7/ENGA	https://gedcom.io/terms/v7/PHON	{0:M}
https://gedcom.io/terms/v7/FAM-CENS	https://gedcom.io/terms/v7/PHON	{0:M}
https://gedcom.io/terms/v7/FAM-EVEN	https://gedcom.io/terms/v7/PHON	{0:M}
https://gedcom.io/terms/v7/FAM-FACT	https://gedcom.io/terms/v7/PHON	{0:M}
https://gedcom.io/terms/v7/FAM-NCHI	https://gedcom.io/terms/v7/PHON	{0:M}
https://gedcom.io/terms/v7/FAM-RESI	https://gedcom.io/terms/v7/PHON	{0:M}
https://gedcom.io/terms/v7/FCOM	https://gedcom.io/terms/v7/PHON	{0:M}
https://gedcom.io/terms/v7/GRAD	https://gedcom.io/terms/v7/PHON	{0:M}
https://gedcom.io/terms/v7/IDNO	https://gedcom.io/terms/v7/PHON	{0:M}
https://gedcom.io/terms/v7/IMMI	https://gedcom.io/terms/v7/PHON	{0:M}
https://gedcom.io/terms/v7/INDI-CENS	https://gedcom.io/terms/v7/PHON	{0:M}
https://gedcom.io/terms/v7/INDI-EVEN	https://gedcom.io/terms/v7/PHON	{0:M}
https://gedcom.io/terms/v7/INDI-FACT	https://gedcom.io/terms/v7/PHON	{0:M}
https://gedcom.io/terms/v7/INDI-NCHI	https://gedcom.io/terms/v7/PHON	{0:M}
https://gedcom.io/terms/v7/INDI-RELI	https://gedcom.io/terms/v7/PHON	{0:M}
https://gedcom.io/terms/v7/INDI-RESI	https://gedcom.io/terms/v7/PHON	{0:M}
https://gedcom.io/terms/v7/INDI-TITL	https://gedcom.io/terms/v7/PHON	{0:M}
https://gedcom.io/terms/v7/MARB	https://gedcom.io/terms/v7/PHON	{0:M}
https://gedcom.io/terms/v7/MARC	https://gedcom.io/terms/v7/PHON	{0:M}
https://gedcom.io/terms/v7/MARL	https://gedcom.io/terms/v7/PHON	{0:M}
https://gedcom.io/terms/v7/MARR	https://gedcom.io/terms/v7/PHON	{0:M}
https://gedcom.io/terms/v7/MARS	https://gedcom.io/terms/v7/PHON	{0:M}
https://gedcom.io/terms/v7/NATI	https://gedcom.io/terms/v7/PHON	{0:M}
https://gedcom.io/terms/v7/NATU	https://gedcom.io/terms/v7/PHON	{0:M}
https://gedcom.io/terms/v7/NMR	https://gedcom.io/terms/v7/PHON	{0:M}
https://gedcom.io/terms/v7/OCCU	https://gedcom.io/terms/v7/PHON	{0:M}
https://gedcom.io/terms/v7/ORDN	https://gedcom.io/terms/v7/PHON	{0:M}
https://gedcom.io/terms/v7/PROB	https://gedcom.io/terms/v7/PHON	{0:M}
https://gedcom.io/terms/v7/PROP	https://gedcom.io/terms/v7/PHON	{0:M}
https://gedcom.io/terms/v7/RETI	https://gedcom.io/terms/v7/PHON	{0:M}
https://gedcom.io/terms/v7/SSN	https://gedcom.io/terms/v7/PHON	{0:M}
https://gedcom.io/terms/v7/WILL	https://gedcom.io/terms/v7/PHON	{0:M}
https://gedcom.io/terms/v7/record-REPO	https://gedcom.io/terms/v7/PHON	{0:M}
https://gedcom.io/terms/v7/record-SUBM	https://gedcom.io/terms/v7/PHON	{0:M}
https://gedcom.io/terms/v7/AGE	https://gedcom.io/terms/v7/PHRASE	{0:1}
https://gedcom.io/terms/v7/ALIA	https://gedcom.io/terms/v7/PHRASE	{0:1}
https://gedcom.io/terms/v7/ASSO	https://gedcom.io/terms/v7/PHRASE	{0:1}
https://gedcom.io/terms/v7/CHIL	https://gedcom.io/terms/v7/PHRASE	{0:1}
https://gedcom.io/terms/v7/DATA-EVEN-DATE	https://gedcom.io/terms/v7/PHRASE	{0:1}
https://gedcom.io/terms/v7/DATE	https://gedcom.io/terms/v7/PHRASE	{0:1}
https://gedcom.io/terms/v7/FAM-HUSB	https://gedcom.io/terms/v7/PHRASE	{0:1}
https://gedcom.io/terms/v7/FAM-WIFE	https://gedcom.io/terms/v7/PHRASE	{0:1}
https://gedcom.io/terms/v7/FAMC-ADOP	https://gedcom.io/terms/v7/PHRASE	{0:1}
https://gedcom.io/terms/v7/FAMC-STAT	https://gedcom.io/terms/v7/PHRASE	{0:1}
https://gedcom.io/terms/v7/MEDI	https://gedcom.io/terms/v7/PHRASE	{0:1}
https://gedcom.io/terms/v7/NAME-TYPE	https://gedcom.io/terms/v7/PHRASE	{0:1}
https://gedcom.io/terms/v7/NO-DATE	https://gedcom.io/terms/v7/PHRASE	{0:1}
https://gedcom.io/terms/v7/PEDI	https://gedcom.io/terms/v7/PHRASE	{0:1}
https://gedcom.io/terms/v7/ROLE	https://gedcom.io/terms/v7/PHRASE	{0:1}
https://gedcom.io/terms/v7/SDATE	https://gedcom.io/terms/v7/PHRASE	{0:1}
https://gedcom.io/terms/v7/SOUR-EVEN	https://gedcom.io/terms/v7/PHRASE	{0:1}
https://gedcom.io/terms/v7/ADOP	https://gedcom.io/terms/v7/PLAC	{0:1}
https://gedcom.io/terms/v7/ANUL	https://gedcom.io/terms/v7/PLAC	{0:1}
https://gedcom.io/terms/v7/BAPL	https://gedcom.io/terms/v7/PLAC	{0:1}
https://gedcom.io/terms/v7/BAPM	https://gedcom.io/terms/v7/PLAC	{0:1}
https://gedcom.io/terms/v7/BARM	https://gedcom.io/terms/v7/PLAC	{0:1}
https://gedcom.io/terms/v7/BASM	https://gedcom.io/terms/v7/PLAC	{0:1}
https://gedcom.io/terms/v7/BIRT	https://gedcom.io/terms/v7/PLAC	{0:1}
https://gedcom.io/terms/v7/BLES	https://gedcom.io/terms/v7/PLAC	{0:1}
https://gedcom.io/terms/v7/BURI	https://gedcom.io/terms/v7/PLAC	{0:1}
https://gedcom.io/terms/v7/CAST	https://gedcom.io/terms/v7/PLAC	{0:1}
https://gedcom.io/terms/v7/CHR	https://gedcom.io/terms/v7/PLAC	{0:1}
https://gedcom.io/terms/v7/CHRA	https://gedcom.io/terms/v7/PLAC	{0:1}
https://gedcom.io/terms/v7/CONF	https://gedcom.io/terms/v7/PLAC	{0:1}
https://gedcom.io/terms/v7/CONL	https://gedcom.io/terms/v7/PLAC	{0:1}
https://gedcom.io/terms/v7/CREM	https://gedcom.io/terms/v7/PLAC	{0:1}
https://gedcom.io/terms/v7/DATA-EVEN	https://gedcom.io/terms/v7/PLAC	{0:1}
https://gedcom.io/terms/v7/DEAT	https://gedcom.io/terms/v7/PLAC	{0:1}
https://gedcom.io/terms/v7/DIV	https://gedcom.io/terms/v7/PLAC	{0:1}
https://gedcom.io/terms/v7/DIVF	https://gedcom.io/terms/v7/PLAC	{0:1}
https://gedcom.io/terms/v7/DSCR	https://gedcom.io/terms/v7/PLAC	{0:1}
https://gedcom.io/terms/v7/EDUC	https://gedcom.io/terms/v7/PLAC	{0:1}
https://gedcom.io/terms/v7/EMIG	https://gedcom.io/terms/v7/PLAC	{0:1}
https://gedcom.io/terms/v7/ENDL	https://gedcom.io/terms/v7/PLAC	{0:1}
https://gedcom.io/terms/v7/ENGA	https://gedcom.io/terms/v7/PLAC	{0:1}
https://gedcom.io/terms/v7/FAM-CENS	https://gedcom.io/terms/v7/PLAC	{0:1}
https://gedcom.io/terms/v7/FAM-EVEN	https://gedcom.io/terms/v7/PLAC	{0:1}
https://gedcom.io/terms/v7/FAM-FACT	https://gedcom.io/terms/v7/PLAC	{0:1}
https://gedcom.io/terms/v7/FAM-NCHI	https://gedcom.io/terms/v7/PLAC	{0:1}
https://gedcom.io/terms/v7/FAM-RESI	https://gedcom.io/terms/v7/PLAC	{0:1}
https://gedcom.io/terms/v7/FCOM	https://gedcom.io/terms/v7/PLAC	{0:1}
https://gedcom.io/terms/v7/GRAD	https://gedcom.io/terms/v7/PLAC	{0:1}
https://gedcom.io/terms/v7/IDNO	https://gedcom.io/terms/v7/PLAC	{0:1}
https://gedcom.io/terms/v7/IMMI	https://gedcom.io/terms/v7/PLAC	{0:1}
https://gedcom.io/terms/v7/INDI-CENS	https://gedcom.io/terms/v7/PLAC	{0:1}
https://gedcom.io/terms/v7/INDI-EVEN	https://gedcom.io/terms/v7/PLAC	{0:1}
https://gedcom.io/terms/v7/INDI-FACT	https://gedcom.io/terms/v7/PLAC	{0:1}
https://gedcom.io/terms/v7/INDI-NCHI	https://gedcom.io/terms/v7/PLAC	{0:1}
https://gedcom.io/terms/v7/INDI-RELI	https://gedcom.io/terms/v7/PLAC	{0:1}
https://gedcom.io/terms/v7/INDI-RESI	https://gedcom.io/terms/v7/PLAC	{0:1}
https://gedcom.io/terms/v7/INDI-TITL	https://gedcom.io/terms/v7/PLAC	{0:1}
https://gedcom.io/terms/v7/INIL	https://gedcom.io/terms/v7/PLAC	{0:1}
https://gedcom.io/terms/v7/MARB	https://gedcom.io/terms/v7/PLAC	{0:1}
https://gedcom.io/terms/v7/MARC	https://gedcom.io/terms/v7/PLAC	{0:1}
https://gedcom.io/terms/v7/MARL	https://gedcom.io/terms/v7/PLAC	{0:1}
https://gedcom.io/terms/v7/MARR	https://gedcom.io/terms/v7/PLAC	{0:1}
https://gedcom.io/terms/v7/MARS	https://gedcom.io/terms/v7/PLAC	{0:1}
https://gedcom.io/terms/v7/NATI	https://gedcom.io/terms/v7/PLAC	{0:1}
https://gedcom.io/terms/v7/NATU	https://gedcom.io/terms/v7/PLAC	{0:1}
https://gedcom.io/terms/v7/NMR	https://gedcom.io/terms/v7/PLAC	{0:1}
https://gedcom.io/terms/v7/OCCU	https://gedcom.io/terms/v7/PLAC	{0:1}
https://gedcom.io/terms/v7/ORDN	https://gedcom.io/terms/v7/PLAC	{0:1}
https://gedcom.io/terms/v7/PROB	https://gedcom.io/terms/v7/PLAC	{0:1}
https://gedcom.io/terms/v7/PROP	https://gedcom.io/terms/v7/PLAC	{0:1}
https://gedcom.io/terms/v7/RETI	https://gedcom.io/terms/v7/PLAC	{0:1}
https://gedcom.io/terms/v7/SLGC	https://gedcom.io/terms/v7/PLAC	{0:1}
https://gedcom.io/terms/v7/SLGS	https://gedcom.io/terms/v7/PLAC	{0:1}
https://gedcom.io/terms/v7/SSN	https://gedcom.io/terms/v7/PLAC	{0:1}
https://gedcom.io/terms/v7/WILL	https://gedcom.io/terms/v7/PLAC	{0:1}
HEAD pseudostructure	https://gedcom.io/terms/v7/HEAD-PLAC	{0:1}
https://gedcom.io/terms/v7/ADDR	https://gedcom.io/terms/v7/POST	{0:1}
https://gedcom.io/terms/v7/record-INDI	https://gedcom.io/terms/v7/PROB	{0:M}
https://gedcom.io/terms/v7/record-INDI	https://gedcom.io/terms/v7/PROP	{0:M}
https://gedcom.io/terms/v7/record-SOUR	https://gedcom.io/terms/v7/PUBL	{0:1}
https://gedcom.io/terms/v7/SOUR	https://gedcom.io/terms/v7/QUAY	{0:1}
https://gedcom.io/terms/v7/record-FAM	https://gedcom.io/terms/v7/REFN	{0:M}
https://gedcom.io/terms/v7/record-INDI	https://gedcom.io/terms/v7/REFN	{0:M}
https://gedcom.io/terms/v7/record-OBJE	https://gedcom.io/terms/v7/REFN	{0:M}
https://gedcom.io/terms/v7/record-REPO	https://gedcom.io/terms/v7/REFN	{0:M}
https://gedcom.io/terms/v7/record-SNOTE	https://gedcom.io/terms/v7/REFN	{0:M}
https://gedcom.io/terms/v7/record-SOUR	https://gedcom.io/terms/v7/REFN	{0:M}
https://gedcom.io/terms/v7/record-SUBM	https://gedcom.io/terms/v7/REFN	{0:M}
https://gedcom.io/terms/v7/ADOP	https://gedcom.io/terms/v7/RELI	{0:1}
https://gedcom.io/terms/v7/ANUL	https://gedcom.io/terms/v7/RELI	{0:1}
https://gedcom.io/terms/v7/BAPM	https://gedcom.io/terms/v7/RELI	{0:1}
https://gedcom.io/terms/v7/BARM	https://gedcom.io/terms/v7/RELI	{0:1}
https://gedcom.io/terms/v7/BASM	https://gedcom.io/terms/v7/RELI	{0:1}
https://gedcom.io/terms/v7/BIRT	https://gedcom.io/terms/v7/RELI	{0:1}
https://gedcom.io/terms/v7/BLES	https://gedcom.io/terms/v7/RELI	{0:1}
https://gedcom.io/terms/v7/BURI	https://gedcom.io/terms/v7/RELI	{0:1}
https://gedcom.io/terms/v7/CAST	https://gedcom.io/terms/v7/RELI	{0:1}
https://gedcom.io/terms/v7/CHR	https://gedcom.io/terms/v7/RELI	{0:1}
https://gedcom.io/terms/v7/CHRA	https://gedcom.io/terms/v7/RELI	{0:1}
https://gedcom.io/terms/v7/CONF	https://gedcom.io/terms/v7/RELI	{0:1}
https://gedcom.io/terms/v7/CREM	https://gedcom.io/terms/v7/RELI	{0:1}
https://gedcom.io/terms/v7/DEAT	https://gedcom.io/terms/v7/RELI	{0:1}
https://gedcom.io/terms/v7/DIV	https://gedcom.io/terms/v7/RELI	{0:1}
https://gedcom.io/terms/v7/DIVF	https://gedcom.io/terms/v7/RELI	{0:1}
https://gedcom.io/terms/v7/DSCR	https://gedcom.io/terms/v7/RELI	{0:1}
https://gedcom.io/terms/v7/EDUC	https://gedcom.io/terms/v7/RELI	{0:1}
https://gedcom.io/terms/v7/EMIG	https://gedcom.io/terms/v7/RELI	{0:1}
https://gedcom.io/terms/v7/ENGA	https://gedcom.io/terms/v7/RELI	{0:1}
https://gedcom.io/terms/v7/FAM-CENS	https://gedcom.io/terms/v7/RELI	{0:1}
https://gedcom.io/terms/v7/FAM-EVEN	https://gedcom.io/terms/v7/RELI	{0:1}
https://gedcom.io/terms/v7/FAM-FACT	https://gedcom.io/terms/v7/RELI	{0:1}
https://gedcom.io/terms/v7/FAM-NCHI	https://gedcom.io/terms/v7/RELI	{0:1}
https://gedcom.io/terms/v7/FAM-RESI	https://gedcom.io/terms/v7/RELI	{0:1}
https://gedcom.io/terms/v7/FCOM	https://gedcom.io/terms/v7/RELI	{0:1}
https://gedcom.io/terms/v7/GRAD	https://gedcom.io/terms/v7/RELI	{0:1}
https://gedcom.io/terms/v7/IDNO	https://gedcom.io/terms/v7/RELI	{0:1}
https://gedcom.io/terms/v7/IMMI	https://gedcom.io/terms/v7/RELI	{0:1}
https://gedcom.io/terms/v7/INDI-CENS	https://gedcom.io/terms/v7/RELI	{0:1}
https://gedcom.io/terms/v7/INDI-EVEN	https://gedcom.io/terms/v7/RELI	{0:1}
https://gedcom.io/terms/v7/INDI-FACT	https://gedcom.io/terms/v7/RELI	{0:1}
https://gedcom.io/terms/v7/INDI-NCHI	https://gedcom.io/terms/v7/RELI	{0:1}
https://gedcom.io/terms/v7/INDI-RELI	https://gedcom.io/terms/v7/RELI	{0:1}
https://gedcom.io/terms/v7/INDI-RESI	https://gedcom.io/terms/v7/RELI	{0:1}
https://gedcom.io/terms/v7/INDI-TITL	https://gedcom.io/terms/v7/RELI	{0:1}
https://gedcom.io/terms/v7/MARB	https://gedcom.io/terms/v7/RELI	{0:1}
https://gedcom.io/terms/v7/MARC	https://gedcom.io/terms/v7/RELI	{0:1}
https://gedcom.io/terms/v7/MARL	https://gedcom.io/terms/v7/RELI	{0:1}
https://gedcom.io/terms/v7/MARR	https://gedcom.io/terms/v7/RELI	{0:1}
https://gedcom.io/terms/v7/MARS	https://gedcom.io/terms/v7/RELI	{0:1}
https://gedcom.io/terms/v7/NATI	https://gedcom.io/terms/v7/RELI	{0:1}
https://gedcom.io/terms/v7/NATU	https://gedcom.io/terms/v7/RELI	{0:1}
https://gedcom.io/terms/v7/NMR	https://gedcom.io/terms/v7/RELI	{0:1}
https://gedcom.io/terms/v7/OCCU	https://gedcom.io/terms/v7/RELI	{0:1}
https://gedcom.io/terms/v7/ORDN	https://gedcom.io/terms/v7/RELI	{0:1}
https://gedcom.io/terms/v7/PROB	https://gedcom.io/terms/v7/RELI	{0:1}
https://gedcom.io/terms/v7/PROP	https://gedcom.io/terms/v7/RELI	{0:1}
https://gedcom.io/terms/v7/RETI	https://gedcom.io/terms/v7/RELI	{0:1}
https://gedcom.io/terms/v7/SSN	https://gedcom.io/terms/v7/RELI	{0:1}
https://gedcom.io/terms/v7/WILL	https://gedcom.io/terms/v7/RELI	{0:1}
https://gedcom.io/terms/v7/record-INDI	https://gedcom.io/terms/v7/INDI-RELI	{0:M}
https://gedcom.io/terms/v7/ADOP	https://gedcom.io/terms/v7/RESN	{0:1}
https://gedcom.io/terms/v7/ANUL	https://gedcom.io/terms/v7/RESN	{0:1}
https://gedcom.io/terms/v7/BAPM	https://gedcom.io/terms/v7/RESN	{0:1}
https://gedcom.io/terms/v7/BARM	https://gedcom.io/terms/v7/RESN	{0:1}
https://gedcom.io/terms/v7/BASM	https://gedcom.io/terms/v7/RESN	{0:1}
https://gedcom.io/terms/v7/BIRT	https://gedcom.io/terms/v7/RESN	{0:1}
https://gedcom.io/terms/v7/BLES	https://gedcom.io/terms/v7/RESN	{0:1}
https://gedcom.io/terms/v7/BURI	https://gedcom.io/terms/v7/RESN	{0:1}
https://gedcom.io/terms/v7/CAST	https://gedcom.io/terms/v7/RESN	{0:1}
https://gedcom.io/terms/v7/CHR	https://gedcom.io/terms/v7/RESN	{0:1}
https://gedcom.io/terms/v7/CHRA	https://gedcom.io/terms/v7/RESN	{0:1}
https://gedcom.io/terms/v7/CONF	https://gedcom.io/terms/v7/RESN	{0:1}
https://gedcom.io/terms/v7/CREM	https://gedcom.io/terms/v7/RESN	{0:1}
https://gedcom.io/terms/v7/DEAT	https://gedcom.io/terms/v7/RESN	{0:1}
https://gedcom.io/terms/v7/DIV	https://gedcom.io/terms/v7/RESN	{0:1}
https://gedcom.io/terms/v7/DIVF	https://gedcom.io/terms/v7/RESN	{0:1}
https://gedcom.io/terms/v7/DSCR	https://gedcom.io/terms/v7/RESN	{0:1}
https://gedcom.io/terms/v7/EDUC	https://gedcom.io/terms/v7/RESN	{0:1}
https://gedcom.io/terms/v7/EMIG	https://gedcom.io/terms/v7/RESN	{0:1}
https://gedcom.io/terms/v7/ENGA	https://gedcom.io/terms/v7/RESN	{0:1}
https://gedcom.io/terms/v7/FAM-CENS	https://gedcom.io/terms/v7/RESN	{0:1}
https://gedcom.io/terms/v7/FAM-EVEN	https://gedcom.io/terms/v7/RESN	{0:1}
https://gedcom.io/terms/v7/FAM-FACT	https://gedcom.io/terms/v7/RESN	{0:1}
https://gedcom.io/terms/v7/FAM-NCHI	https://gedcom.io/terms/v7/RESN	{0:1}
https://gedcom.io/terms/v7/FAM-RESI	https://gedcom.io/terms/v7/RESN	{0:1}
https://gedcom.io/terms/v7/FCOM	https://gedcom.io/terms/v7/RESN	{0:1}
https://gedcom.io/terms/v7/GRAD	https://gedcom.io/terms/v7/RESN	{0:1}
https://gedcom.io/terms/v7/IDNO	https://gedcom.io/terms/v7/RESN	{0:1}
https://gedcom.io/terms/v7/IMMI	https://gedcom.io/terms/v7/RESN	{0:1}
https://gedcom.io/terms/v7/INDI-CENS	https://gedcom.io/terms/v7/RESN	{0:1}
https://gedcom.io/terms/v7/INDI-EVEN	https://gedcom.io/terms/v7/RESN	{0:1}
https://gedcom.io/terms/v7/INDI-FACT	https://gedcom.io/terms/v7/RESN	{0:1}
https://gedcom.io/terms/v7/INDI-NCHI	https://gedcom.io/terms/v7/RESN	{0:1}
https://gedcom.io/terms/v7/INDI-RELI	https://gedcom.io/terms/v7/RESN	{0:1}
https://gedcom.io/terms/v7/INDI-RESI	https://gedcom.io/terms/v7/RESN	{0:1}
https://gedcom.io/terms/v7/INDI-TITL	https://gedcom.io/terms/v7/RESN	{0:1}
https://gedcom.io/terms/v7/MARB	https://gedcom.io/terms/v7/RESN	{0:1}
https://gedcom.io/terms/v7/MARC	https://gedcom.io/terms/v7/RESN	{0:1}
https://gedcom.io/terms/v7/MARL	https://gedcom.io/terms/v7/RESN	{0:1}
https://gedcom.io/terms/v7/MARR	https://gedcom.io/terms/v7/RESN	{0:1}
https://gedcom.io/terms/v7/MARS	https://gedcom.io/terms/v7/RESN	{0:1}
https://gedcom.io/terms/v7/NATI	https://gedcom.io/terms/v7/RESN	{0:1}
https://gedcom.io/terms/v7/NATU	https://gedcom.io/terms/v7/RESN	{0:1}
https://gedcom.io/terms/v7/NMR	https://gedcom.io/terms/v7/RESN	{0:1}
https://gedcom.io/terms/v7/OCCU	https://gedcom.io/terms/v7/RESN	{0:1}
https://gedcom.io/terms/v7/ORDN	https://gedcom.io/terms/v7/RESN	{0:1}
https://gedcom.io/terms/v7/PROB	https://gedcom.io/terms/v7/RESN	{0:1}
https://gedcom.io/terms/v7/PROP	https://gedcom.io/terms/v7/RESN	{0:1}
https://gedcom.io/terms/v7/RETI	https://gedcom.io/terms/v7/RESN	{0:1}
https://gedcom.io/terms/v7/SSN	https://gedcom.io/terms/v7/RESN	{0:1}
https://gedcom.io/terms/v7/WILL	https://gedcom.io/terms/v7/RESN	{0:1}
https://gedcom.io/terms/v7/record-FAM	https://gedcom.io/terms/v7/RESN	{0:1}
https://gedcom.io/terms/v7/record-INDI	https://gedcom.io/terms/v7/RESN	{0:1}
https://gedcom.io/terms/v7/record-OBJE	https://gedcom.io/terms/v7/RESN	{0:1}
https://gedcom.io/terms/v7/record-SOUR	https://gedcom.io/terms/v7/REPO	{0:M}
https://gedcom.io/terms/v7/record-FAM	https://gedcom.io/terms/v7/FAM-RESI	{0:M}
https://gedcom.io/terms/v7/record-INDI	https://gedcom.io/terms/v7/INDI-RESI	{0:M}
https://gedcom.io/terms/v7/record-INDI	https://gedcom.io/terms/v7/RETI	{0:M}
https://gedcom.io/terms/v7/ASSO	https://gedcom.io/terms/v7/ROLE	{1:1}
https://gedcom.io/terms/v7/SOUR-EVEN	https://gedcom.io/terms/v7/ROLE	{0:1}
HEAD pseudostructure	https://gedcom.io/terms/v7/SCHMA	{0:1}
https://gedcom.io/terms/v7/ADOP	https://gedcom.io/terms/v7/SDATE	{0:1}
https://gedcom.io/terms/v7/ANUL	https://gedcom.io/terms/v7/SDATE	{0:1}
https://gedcom.io/terms/v7/BAPM	https://gedcom.io/terms/v7/SDATE	{0:1}
https://gedcom.io/terms/v7/BARM	https://gedcom.io/terms/v7/SDATE	{0:1}
https://gedcom.io/terms/v7/BASM	https://gedcom.io/terms/v7/SDATE	{0:1}
https://gedcom.io/terms/v7/BIRT	https://gedcom.io/terms/v7/SDATE	{0:1}
https://gedcom.io/terms/v7/BLES	https://gedcom.io/terms/v7/SDATE	{0:1}
https://gedcom.io/terms/v7/BURI	https://gedcom.io/terms/v7/SDATE	{0:1}
https://gedcom.io/terms/v7/CAST	https://gedcom.io/terms/v7/SDATE	{0:1}
https://gedcom.io/terms/v7/CHR	https://gedcom.io/terms/v7/SDATE	{0:1}
https://gedcom.io/terms/v7/CHRA	https://gedcom.io/terms/v7/SDATE	{0:1}
https://gedcom.io/terms/v7/CONF	https://gedcom.io/terms/v7/SDATE	{0:1}
https://gedcom.io/terms/v7/CREM	https://gedcom.io/terms/v7/SDATE	{0:1}
https://gedcom.io/terms/v7/DEAT	https://gedcom.io/terms/v7/SDATE	{0:1}
https://gedcom.io/terms/v7/DIV	https://gedcom.io/terms/v7/SDATE	{0:1}
https://gedcom.io/terms/v7/DIVF	https://gedcom.io/terms/v7/SDATE	{0:1}
https://gedcom.io/terms/v7/DSCR	https://gedcom.io/terms/v7/SDATE	{0:1}
https://gedcom.io/terms/v7/EDUC	https://gedcom.io/terms/v7/SDATE	{0:1}
https://gedcom.io/terms/v7/EMIG	https://gedcom.io/terms/v7/SDATE	{0:1}
https://gedcom.io/terms/v7/ENGA	https://gedcom.io/terms/v7/SDATE	{0:1}
https://gedcom.io/terms/v7/FAM-CENS	https://gedcom.io/terms/v7/SDATE	{0:1}
https://gedcom.io/terms/v7/FAM-EVEN	https://gedcom.io/terms/v7/SDATE	{0:1}
https://gedcom.io/terms/v7/FAM-FACT	https://gedcom.io/terms/v7/SDATE	{0:1}
https://gedcom.io/terms/v7/FAM-NCHI	https://gedcom.io/terms/v7/SDATE	{0:1}
https://gedcom.io/terms/v7/FAM-RESI	https://gedcom.io/terms/v7/SDATE	{0:1}
https://gedcom.io/terms/v7/FCOM	https://gedcom.io/terms/v7/SDATE	{0:1}
https://gedcom.io/terms/v7/GRAD	https://gedcom.io/terms/v7/SDATE	{0:1}
https://gedcom.io/terms/v7/IDNO	https://gedcom.io/terms/v7/SDATE	{0:1}
https://gedcom.io/terms/v7/IMMI	https://gedcom.io/terms/v7/SDATE	{0:1}
https://gedcom.io/terms/v7/INDI-CENS	https://gedcom.io/terms/v7/SDATE	{0:1}
https://gedcom.io/terms/v7/INDI-EVEN	https://gedcom.io/terms/v7/SDATE	{0:1}
https://gedcom.io/terms/v7/INDI-FACT	https://gedcom.io/terms/v7/SDATE	{0:1}
https://gedcom.io/terms/v7/INDI-NCHI	https://gedcom.io/terms/v7/SDATE	{0:1}
https://gedcom.io/terms/v7/INDI-RELI	https://gedcom.io/terms/v7/SDATE	{0:1}
https://gedcom.io/terms/v7/INDI-RESI	https://gedcom.io/terms/v7/SDATE	{0:1}
https://gedcom.io/terms/v7/INDI-TITL	https://gedcom.io/terms/v7/SDATE	{0:1}
https://gedcom.io/terms/v7/MARB	https://gedcom.io/terms/v7/SDATE	{0:1}
https://gedcom.io/terms/v7/MARC	https://gedcom.io/terms/v7/SDATE	{0:1}
https://gedcom.io/terms/v7/MARL	https://gedcom.io/terms/v7/SDATE	{0:1}
https://gedcom.io/terms/v7/MARR	https://gedcom.io/terms/v7/SDATE	{0:1}
https://gedcom.io/terms/v7/MARS	https://gedcom.io/terms/v7/SDATE	{0:1}
https://gedcom.io/terms/v7/NATI	https://gedcom.io/terms/v7/SDATE	{0:1}
https://gedcom.io/terms/v7/NATU	https://gedcom.io/terms/v7/SDATE	{0:1}
https://gedcom.io/terms/v7/NMR	https://gedcom.io/terms/v7/SDATE	{0:1}
https://gedcom.io/terms/v7/OCCU	https://gedcom.io/terms/v7/SDATE	{0:1}
https://gedcom.io/terms/v7/ORDN	https://gedcom.io/terms/v7/SDATE	{0:1}
https://gedcom.io/terms/v7/PROB	https://gedcom.io/terms/v7/SDATE	{0:1}
https://gedcom.io/terms/v7/PROP	https://gedcom.io/terms/v7/SDATE	{0:1}
https://gedcom.io/terms/v7/RETI	https://gedcom.io/terms/v7/SDATE	{0:1}
https://gedcom.io/terms/v7/SSN	https://gedcom.io/terms/v7/SDATE	{0:1}
https://gedcom.io/terms/v7/WILL	https://gedcom.io/terms/v7/SDATE	{0:1}
https://gedcom.io/terms/v7/record-INDI	https://gedcom.io/terms/v7/SEX	{0:1}
https://gedcom.io/terms/v7/record-INDI	https://gedcom.io/terms/v7/SLGC	{0:M}
https://gedcom.io/terms/v7/record-FAM	https://gedcom.io/terms/v7/SLGS	{0:M}
HEAD pseudostructure	https://gedcom.io/terms/v7/SNOTE	{0:1}
https://gedcom.io/terms/v7/ADOP	https://gedcom.io/terms/v7/SNOTE	{0:M}
https://gedcom.io/terms/v7/ANUL	https://gedcom.io/terms/v7/SNOTE	{0:M}
https://gedcom.io/terms/v7/ASSO	https://gedcom.io/terms/v7/SNOTE	{0:M}
https://gedcom.io/terms/v7/BAPL	https://gedcom.io/terms/v7/SNOTE	{0:M}
https://gedcom.io/terms/v7/BAPM	https://gedcom.io/terms/v7/SNOTE	{0:M}
https://gedcom.io/terms/v7/BARM	https://gedcom.io/terms/v7/SNOTE	{0:M}
https://gedcom.io/terms/v7/BASM	https://gedcom.io/terms/v7/SNOTE	{0:M}
https://gedcom.io/terms/v7/BIRT	https://gedcom.io/terms/v7/SNOTE	{0:M}
https://gedcom.io/terms/v7/BLES	https://gedcom.io/terms/v7/SNOTE	{0:M}
https://gedcom.io/terms/v7/BURI	https://gedcom.io/terms/v7/SNOTE	{0:M}
https://gedcom.io/terms/v7/CAST	https://gedcom.io/terms/v7/SNOTE	{0:M}
https://gedcom.io/terms/v7/CHAN	https://gedcom.io/terms/v7/SNOTE	{0:M}
https://gedcom.io/terms/v7/CHR	https://gedcom.io/terms/v7/SNOTE	{0:M}
https://gedcom.io/terms/v7/CHRA	https://gedcom.io/terms/v7/SNOTE	{0:M}
https://gedcom.io/terms/v7/CONF	https://gedcom.io/terms/v7/SNOTE	{0:M}
https://gedcom.io/terms/v7/CONL	https://gedcom.io/terms/v7/SNOTE	{0:M}
https://gedcom.io/terms/v7/CREM	https://gedcom.io/terms/v7/SNOTE	{0:M}
https://gedcom.io/terms/v7/DATA	https://gedcom.io/terms/v7/SNOTE	{0:M}
https://gedcom.io/terms/v7/DEAT	https://gedcom.io/terms/v7/SNOTE	{0:M}
https://gedcom.io/terms/v7/DIV	https://gedcom.io/terms/v7/SNOTE	{0:M}
https://gedcom.io/terms/v7/DIVF	https://gedcom.io/terms/v7/SNOTE	{0:M}
https://gedcom.io/terms/v7/DSCR	https://gedcom.io/terms/v7/SNOTE	{0:M}
https://gedcom.io/terms/v7/EDUC	https://gedcom.io/terms/v7/SNOTE	{0:M}
https://gedcom.io/terms/v7/EMIG	https://gedcom.io/terms/v7/SNOTE	{0:M}
https://gedcom.io/terms/v7/ENDL	https://gedcom.io/terms/v7/SNOTE	{0:M}
https://gedcom.io/terms/v7/ENGA	https://gedcom.io/terms/v7/SNOTE	{0:M}
https://gedcom.io/terms/v7/FAM-CENS	https://gedcom.io/terms/v7/SNOTE	{0:M}
https://gedcom.io/terms/v7/FAM-EVEN	https://gedcom.io/terms/v7/SNOTE	{0:M}
https://gedcom.io/terms/v7/FAM-FACT	https://gedcom.io/terms/v7/SNOTE	{0:M}
https://gedcom.io/terms/v7/FAM-NCHI	https://gedcom.io/terms/v7/SNOTE	{0:M}
https://gedcom.io/terms/v7/FAM-RESI	https://gedcom.io/terms/v7/SNOTE	{0:M}
https://gedcom.io/terms/v7/FAMS	https://gedcom.io/terms/v7/SNOTE	{0:M}
https://gedcom.io/terms/v7/FCOM	https://gedcom.io/terms/v7/SNOTE	{0:M}
https://gedcom.io/terms/v7/GRAD	https://gedcom.io/terms/v7/SNOTE	{0:M}
https://gedcom.io/terms/v7/IDNO	https://gedcom.io/terms/v7/SNOTE	{0:M}
https://gedcom.io/terms/v7/IMMI	https://gedcom.io/terms/v7/SNOTE	{0:M}
https://gedcom.io/terms/v7/INDI-CENS	https://gedcom.io/terms/v7/SNOTE	{0:M}
https://gedcom.io/terms/v7/INDI-EVEN	https://gedcom.io/terms/v7/SNOTE	{0:M}
https://gedcom.io/terms/v7/INDI-FACT	https://gedcom.io/terms/v7/SNOTE	{0:M}
https://gedcom.io/terms/v7/INDI-FAMC	https://gedcom.io/terms/v7/SNOTE	{0:M}
https://gedcom.io/terms/v7/INDI-NAME	https://gedcom.io/terms/v7/SNOTE	{0:M}
https://gedcom.io/terms/v7/INDI-NCHI	https://gedcom.io/terms/v7/SNOTE	{0:M}
https://gedcom.io/terms/v7/INDI-RELI	https://gedcom.io/terms/v7/SNOTE	{0:M}
https://gedcom.io/terms/v7/INDI-RESI	https://gedcom.io/terms/v7/SNOTE	{0:M}
https://gedcom.io/terms/v7/INDI-TITL	https://gedcom.io/terms/v7/SNOTE	{0:M}
https://gedcom.io/terms/v7/INIL	https://gedcom.io/terms/v7/SNOTE	{0:M}
https://gedcom.io/terms/v7/MARB	https://gedcom.io/terms/v7/SNOTE	{0:M}
https://gedcom.io/terms/v7/MARC	https://gedcom.io/terms/v7/SNOTE	{0:M}
https://gedcom.io/terms/v7/MARL	https://gedcom.io/terms/v7/SNOTE	{0:M}
https://gedcom.io/terms/v7/MARR	https://gedcom.io/terms/v7/SNOTE	{0:M}
https://gedcom.io/terms/v7/MARS	https://gedcom.io/terms/v7/SNOTE	{0:M}
https://gedcom.io/terms/v7/NATI	https://gedcom.io/terms/v7/SNOTE	{0:M}
https://gedcom.io/terms/v7/NATU	https://gedcom.io/terms/v7/SNOTE	{0:M}
https://gedcom.io/terms/v7/NMR	https://gedcom.io/terms/v7/SNOTE	{0:M}
https://gedcom.io/terms/v7/NO	https://gedcom.io/terms/v7/SNOTE	{0:M}
https://gedcom.io/terms/v7/OCCU	https://gedcom.io/terms/v7/SNOTE	{0:M}
https://gedcom.io/terms/v7/ORDN	https://gedcom.io/terms/v7/SNOTE	{0:M}
https://gedcom.io/terms/v7/PLAC	https://gedcom.io/terms/v7/SNOTE	{0:M}
https://gedcom.io/terms/v7/PROB	https://gedcom.io/terms/v7/SNOTE	{0:M}
https://gedcom.io/terms/v7/PROP	https://gedcom.io/terms/v7/SNOTE	{0:M}
https://gedcom.io/terms/v7/REPO	https://gedcom.io/terms/v7/SNOTE	{0:M}
https://gedcom.io/terms/v7/RETI	https://gedcom.io/terms/v7/SNOTE	{0:M}
https://gedcom.io/terms/v7/SLGC	https://gedcom.io/terms/v7/SNOTE	{0:M}
https://gedcom.io/terms/v7/SLGS	https://gedcom.io/terms/v7/SNOTE	{0:M}
https://gedcom.io/terms/v7/SOUR	https://gedcom.io/terms/v7/SNOTE	{0:M}
https://gedcom.io/terms/v7/SSN	https://gedcom.io/terms/v7/SNOTE	{0:M}
https://gedcom.io/terms/v7/WILL	https://gedcom.io/terms/v7/SNOTE	{0:M}
https://gedcom.io/terms/v7/record-FAM	https://gedcom.io/terms/v7/SNOTE	{0:M}
https://gedcom.io/terms/v7/record-INDI	https://gedcom.io/terms/v7/SNOTE	{0:M}
https://gedcom.io/terms/v7/record-OBJE	https://gedcom.io/terms/v7/SNOTE	{0:M}
https://gedcom.io/terms/v7/record-REPO	https://gedcom.io/terms/v7/SNOTE	{0:M}
https://gedcom.io/terms/v7/record-SOUR	https://gedcom.io/terms/v7/SNOTE	{0:M}
https://gedcom.io/terms/v7/record-SUBM	https://gedcom.io/terms/v7/SNOTE	{0:M}
https://gedcom.io/terms/v7/ADOP	https://gedcom.io/terms/v7/SOUR	{0:M}
https://gedcom.io/terms/v7/ANUL	https://gedcom.io/terms/v7/SOUR	{0:M}
https://gedcom.io/terms/v7/ASSO	https://gedcom.io/terms/v7/SOUR	{0:M}
https://gedcom.io/terms/v7/BAPL	https://gedcom.io/terms/v7/SOUR	{0:M}
https://gedcom.io/terms/v7/BAPM	https://gedcom.io/terms/v7/SOUR	{0:M}
https://gedcom.io/terms/v7/BARM	https://gedcom.io/terms/v7/SOUR	{0:M}
https://gedcom.io/terms/v7/BASM	https://gedcom.io/terms/v7/SOUR	{0:M}
https://gedcom.io/terms/v7/BIRT	https://gedcom.io/terms/v7/SOUR	{0:M}
https://gedcom.io/terms/v7/BLES	https://gedcom.io/terms/v7/SOUR	{0:M}
https://gedcom.io/terms/v7/BURI	https://gedcom.io/terms/v7/SOUR	{0:M}
https://gedcom.io/terms/v7/CAST	https://gedcom.io/terms/v7/SOUR	{0:M}
https://gedcom.io/terms/v7/CHR	https://gedcom.io/terms/v7/SOUR	{0:M}
https://gedcom.io/terms/v7/CHRA	https://gedcom.io/terms/v7/SOUR	{0:M}
https://gedcom.io/terms/v7/CONF	https://gedcom.io/terms/v7/SOUR	{0:M}
https://gedcom.io/terms/v7/CONL	https://gedcom.io/terms/v7/SOUR	{0:M}
https://gedcom.io/terms/v7/CREM	https://gedcom.io/terms/v7/SOUR	{0:M}
https://gedcom.io/terms/v7/DEAT	https://gedcom.io/terms/v7/SOUR	{0:M}
https://gedcom.io/terms/v7/DIV	https://gedcom.io/terms/v7/SOUR	{0:M}
https://gedcom.io/terms/v7/DIVF	https://gedcom.io/terms/v7/SOUR	{0:M}
https://gedcom.io/terms/v7/DSCR	https://gedcom.io/terms/v7/SOUR	{0:M}
https://gedcom.io/terms/v7/EDUC	https://gedcom.io/terms/v7/SOUR	{0:M}
https://gedcom.io/terms/v7/EMIG	https://gedcom.io/terms/v7/SOUR	{0:M}
https://gedcom.io/terms/v7/ENDL	https://gedcom.io/terms/v7/SOUR	{0:M}
https://gedcom.io/terms/v7/ENGA	https://gedcom.io/terms/v7/SOUR	{0:M}
https://gedcom.io/terms/v7/FAM-CENS	https://gedcom.io/terms/v7/SOUR	{0:M}
https://gedcom.io/terms/v7/FAM-EVEN	https://gedcom.io/terms/v7/SOUR	{0:M}
https://gedcom.io/terms/v7/FAM-FACT	https://gedcom.io/terms/v7/SOUR	{0:M}
https://gedcom.io/terms/v7/FAM-NCHI	https://gedcom.io/terms/v7/SOUR	{0:M}
https://gedcom.io/terms/v7/FAM-RESI	https://gedcom.io/terms/v7/SOUR	{0:M}
https://gedcom.io/terms/v7/FCOM	https://gedcom.io/terms/v7/SOUR	{0:M}
https://gedcom.io/terms/v7/GRAD	https://gedcom.io/terms/v7/SOUR	{0:M}
https://gedcom.io/terms/v7/IDNO	https://gedcom.io/terms/v7/SOUR	{0:M}
https://gedcom.io/terms/v7/IMMI	https://gedcom.io/terms/v7/SOUR	{0:M}
https://gedcom.io/terms/v7/INDI-CENS	https://gedcom.io/terms/v7/SOUR	{0:M}
https://gedcom.io/terms/v7/INDI-EVEN	https://gedcom.io/terms/v7/SOUR	{0:M}
https://gedcom.io/terms/v7/INDI-FACT	https://gedcom.io/terms/v7/SOUR	{0:M}
https://gedcom.io/terms/v7/INDI-NAME	https://gedcom.io/terms/v7/SOUR	{0:M}
https://gedcom.io/terms/v7/INDI-NCHI	https://gedcom.io/terms/v7/SOUR	{0:M}
https://gedcom.io/terms/v7/INDI-RELI	https://gedcom.io/terms/v7/SOUR	{0:M}
https://gedcom.io/terms/v7/INDI-RESI	https://gedcom.io/terms/v7/SOUR	{0:M}
https://gedcom.io/terms/v7/INDI-TITL	https://gedcom.io/terms/v7/SOUR	{0:M}
https://gedcom.io/terms/v7/INIL	https://gedcom.io/terms/v7/SOUR	{0:M}
https://gedcom.io/terms/v7/MARB	https://gedcom.io/terms/v7/SOUR	{0:M}
https://gedcom.io/terms/v7/MARC	https://gedcom.io/terms/v7/SOUR	{0:M}
https://gedcom.io/terms/v7/MARL	https://gedcom.io/terms/v7/SOUR	{0:M}
https://gedcom.io/terms/v7/MARR	https://gedcom.io/terms/v7/SOUR	{0:M}
https://gedcom.io/terms/v7/MARS	https://gedcom.io/terms/v7/SOUR	{0:M}
https://gedcom.io/terms/v7/NATI	https://gedcom.io/terms/v7/SOUR	{0:M}
https://gedcom.io/terms/v7/NATU	https://gedcom.io/terms/v7/SOUR	{0:M}
https://gedcom.io/terms/v7/NMR	https://gedcom.io/terms/v7/SOUR	{0:M}
https://gedcom.io/terms/v7/NO	https://gedcom.io/terms/v7/SOUR	{0:M}
https://gedcom.io/terms/v7/NOTE	https://gedcom.io/terms/v7/SOUR	{0:M}
https://gedcom.io/terms/v7/OCCU	https://gedcom.io/terms/v7/SOUR	{0:M}
https://gedcom.io/terms/v7/ORDN	https://gedcom.io/terms/v7/SOUR	{0:M}
https://gedcom.io/terms/v7/PROB	https://gedcom.io/terms/v7/SOUR	{0:M}
https://gedcom.io/terms/v7/PROP	https://gedcom.io/terms/v7/SOUR	{0:M}
https://gedcom.io/terms/v7/RETI	https://gedcom.io/terms/v7/SOUR	{0:M}
https://gedcom.io/terms/v7/SLGC	https://gedcom.io/terms/v7/SOUR	{0:M}
https://gedcom.io/terms/v7/SLGS	https://gedcom.io/terms/v7/SOUR	{0:M}
https://gedcom.io/terms/v7/SSN	https://gedcom.io/terms/v7/SOUR	{0:M}
https://gedcom.io/terms/v7/WILL	https://gedcom.io/terms/v7/SOUR	{0:M}
https://gedcom.io/terms/v7/record-FAM	https://gedcom.io/terms/v7/SOUR	{0:M}
https://gedcom.io/terms/v7/record-INDI	https://gedcom.io/terms/v7/SOUR	{0:M}
https://gedcom.io/terms/v7/record-OBJE	https://gedcom.io/terms/v7/SOUR	{0:M}
https://gedcom.io/terms/v7/record-SNOTE	https://gedcom.io/terms/v7/SOUR	{0:M}
HEAD pseudostructure	https://gedcom.io/terms/v7/HEAD-SOUR	{0:1}
https://gedcom.io/terms/v7/INDI-NAME	https://gedcom.io/terms/v7/SPFX	{0:M}
https://gedcom.io/terms/v7/NAME-TRAN	https://gedcom.io/terms/v7/SPFX	{0:M}
https://gedcom.io/terms/v7/record-INDI	https://gedcom.io/terms/v7/SSN	{0:M}
https://gedcom.io/terms/v7/ADDR	https://gedcom.io/terms/v7/STAE	{0:1}
https://gedcom.io/terms/v7/BAPL	https://gedcom.io/terms/v7/ord-STAT	{0:1}
https://gedcom.io/terms/v7/CONL	https://gedcom.io/terms/v7/ord-STAT	{0:1}
https://gedcom.io/terms/v7/ENDL	https://gedcom.io/terms/v7/ord-STAT	{0:1}
https://gedcom.io/terms/v7/INIL	https://gedcom.io/terms/v7/ord-STAT	{0:1}
https://gedcom.io/terms/v7/SLGC	https://gedcom.io/terms/v7/ord-STAT	{0:1}
https://gedcom.io/terms/v7/SLGS	https://gedcom.io/terms/v7/ord-STAT	{0:1}
https://gedcom.io/terms/v7/INDI-FAMC	https://gedcom.io/terms/v7/FAMC-STAT	{0:1}
HEAD pseudostructure	https://gedcom.io/terms/v7/SUBM	{0:1}
https://gedcom.io/terms/v7/record-FAM	https://gedcom.io/terms/v7/SUBM	{0:M}
https://gedcom.io/terms/v7/record-INDI	https://gedcom.io/terms/v7/SUBM	{0:M}
https://gedcom.io/terms/v7/INDI-NAME	https://gedcom.io/terms/v7/SURN	{0:M}
https://gedcom.io/terms/v7/NAME-TRAN	https://gedcom.io/terms/v7/SURN	{0:M}
https://gedcom.io/terms/v7/SCHMA	https://gedcom.io/terms/v7/TAG	{0:M}
https://gedcom.io/terms/v7/BAPL	https://gedcom.io/terms/v7/TEMP	{0:1}
https://gedcom.io/terms/v7/CONL	https://gedcom.io/terms/v7/TEMP	{0:1}
https://gedcom.io/terms/v7/ENDL	https://gedcom.io/terms/v7/TEMP	{0:1}
https://gedcom.io/terms/v7/INIL	https://gedcom.io/terms/v7/TEMP	{0:1}
https://gedcom.io/terms/v7/SLGC	https://gedcom.io/terms/v7/TEMP	{0:1}
https://gedcom.io/terms/v7/SLGS	https://gedcom.io/terms/v7/TEMP	{0:1}
https://gedcom.io/terms/v7/SOUR-DATA	https://gedcom.io/terms/v7/TEXT	{0:M}
https://gedcom.io/terms/v7/record-SOUR	https://gedcom.io/terms/v7/TEXT	{0:1}
https://gedcom.io/terms/v7/DATE	https://gedcom.io/terms/v7/TIME	{0:1}
https://gedcom.io/terms/v7/DATE-exact	https://gedcom.io/terms/v7/TIME	{0:1}
https://gedcom.io/terms/v7/HEAD-DATE	https://gedcom.io/terms/v7/TIME	{0:1}
https://gedcom.io/terms/v7/SDATE	https://gedcom.io/terms/v7/TIME	{0:1}
https://gedcom.io/terms/v7/FILE	https://gedcom.io/terms/v7/TITL	{0:1}
https://gedcom.io/terms/v7/OBJE	https://gedcom.io/terms/v7/TITL	{0:1}
https://gedcom.io/terms/v7/record-SOUR	https://gedcom.io/terms/v7/TITL	{0:1}
https://gedcom.io/terms/v7/record-INDI	https://gedcom.io/terms/v7/INDI-TITL	{0:M}
https://gedcom.io/terms/v7/CROP	https://gedcom.io/terms/v7/TOP	{0:1}
https://gedcom.io/terms/v7/INDI-NAME	https://gedcom.io/terms/v7/NAME-TRAN	{0:M}
https://gedcom.io/terms/v7/PLAC	https://gedcom.io/terms/v7/PLAC-TRAN	{0:M}
https://gedcom.io/terms/v7/NOTE	https://gedcom.io/terms/v7/NOTE-TRAN	{0:1}
https://gedcom.io/terms/v7/record-SNOTE	https://gedcom.io/terms/v7/NOTE-TRAN	{0:M}
https://gedcom.io/terms/v7/FILE	https://gedcom.io/terms/v7/FILE-TRAN	{0:M}
https://gedcom.io/terms/v7/ADOP	https://gedcom.io/terms/v7/TYPE	{0:1}
https://gedcom.io/terms/v7/ANUL	https://gedcom.io/terms/v7/TYPE	{0:1}
https://gedcom.io/terms/v7/BAPM	https://gedcom.io/terms/v7/TYPE	{0:1}
https://gedcom.io/terms/v7/BARM	https://gedcom.io/terms/v7/TYPE	{0:1}
https://gedcom.io/terms/v7/BASM	https://gedcom.io/terms/v7/TYPE	{0:1}
https://gedcom.io/terms/v7/BIRT	https://gedcom.io/terms/v7/TYPE	{0:1}
https://gedcom.io/terms/v7/BLES	https://gedcom.io/terms/v7/TYPE	{0:1}
https://gedcom.io/terms/v7/BURI	https://gedcom.io/terms/v7/TYPE	{0:1}
https://gedcom.io/terms/v7/CAST	https://gedcom.io/terms/v7/TYPE	{0:1}
https://gedcom.io/terms/v7/CHR	https://gedcom.io/terms/v7/TYPE	{0:1}
https://gedcom.io/terms/v7/CHRA	https://gedcom.io/terms/v7/TYPE	{0:1}
https://gedcom.io/terms/v7/CONF	https://gedcom.io/terms/v7/TYPE	{0:1}
https://gedcom.io/terms/v7/CREM	https://gedcom.io/terms/v7/TYPE	{0:1}
https://gedcom.io/terms/v7/DEAT	https://gedcom.io/terms/v7/TYPE	{0:1}
https://gedcom.io/terms/v7/DIV	https://gedcom.io/terms/v7/TYPE	{0:1}
https://gedcom.io/terms/v7/DIVF	https://gedcom.io/terms/v7/TYPE	{0:1}
https://gedcom.io/terms/v7/DSCR	https://gedcom.io/terms/v7/TYPE	{0:1}
https://gedcom.io/terms/v7/EDUC	https://gedcom.io/terms/v7/TYPE	{0:1}
https://gedcom.io/terms/v7/EMIG	https://gedcom.io/terms/v7/TYPE	{0:1}
https://gedcom.io/terms/v7/ENGA	https://gedcom.io/terms/v7/TYPE	{0:1}
https://gedcom.io/terms/v7/FAM-CENS	https://gedcom.io/terms/v7/TYPE	{0:1}
https://gedcom.io/terms/v7/FAM-EVEN	https://gedcom.io/terms/v7/TYPE	{1:1}
https://gedcom.io/terms/v7/FAM-FACT	https://gedcom.io/terms/v7/TYPE	{1:1}
https://gedcom.io/terms/v7/FAM-NCHI	https://gedcom.io/terms/v7/TYPE	{0:1}
https://gedcom.io/terms/v7/FAM-RESI	https://gedcom.io/terms/v7/TYPE	{0:1}
https://gedcom.io/terms/v7/FCOM	https://gedcom.io/terms/v7/TYPE	{0:1}
https://gedcom.io/terms/v7/GRAD	https://gedcom.io/terms/v7/TYPE	{0:1}
https://gedcom.io/terms/v7/IDNO	https://gedcom.io/terms/v7/TYPE	{1:1}
https://gedcom.io/terms/v7/IMMI	https://gedcom.io/terms/v7/TYPE	{0:1}
https://gedcom.io/terms/v7/INDI-CENS	https://gedcom.io/terms/v7/TYPE	{0:1}
https://gedcom.io/terms/v7/INDI-EVEN	https://gedcom.io/terms/v7/TYPE	{1:1}
https://gedcom.io/terms/v7/INDI-FACT	https://gedcom.io/terms/v7/TYPE	{1:1}
https://gedcom.io/terms/v7/INDI-NCHI	https://gedcom.io/terms/v7/TYPE	{0:1}
https://gedcom.io/terms/v7/INDI-RELI	https://gedcom.io/terms/v7/TYPE	{0:1}
https://gedcom.io/terms/v7/INDI-RESI	https://gedcom.io/terms/v7/TYPE	{0:1}
https://gedcom.io/terms/v7/INDI-TITL	https://gedcom.io/terms/v7/TYPE	{0:1}
https://gedcom.io/terms/v7/MARB	https://gedcom.io/terms/v7/TYPE	{0:1}
https://gedcom.io/terms/v7/MARC	https://gedcom.io/terms/v7/TYPE	{0:1}
https://gedcom.io/terms/v7/MARL	https://gedcom.io/terms/v7/TYPE	{0:1}
https://gedcom.io/terms/v7/MARR	https://gedcom.io/terms/v7/TYPE	{0:1}
https://gedcom.io/terms/v7/MARS	https://gedcom.io/terms/v7/TYPE	{0:1}
https://gedcom.io/terms/v7/NATI	https://gedcom.io/terms/v7/TYPE	{0:1}
https://gedcom.io/terms/v7/NATU	https://gedcom.io/terms/v7/TYPE	{0:1}
https://gedcom.io/terms/v7/NMR	https://gedcom.io/terms/v7/TYPE	{0:1}
https://gedcom.io/terms/v7/OCCU	https://gedcom.io/terms/v7/TYPE	{0:1}
https://gedcom.io/terms/v7/ORDN	https://gedcom.io/terms/v7/TYPE	{0:1}
https://gedcom.io/terms/v7/PROB	https://gedcom.io/terms/v7/TYPE	{0:1}
https://gedcom.io/terms/v7/PROP	https://gedcom.io/terms/v7/TYPE	{0:1}
https://gedcom.io/terms/v7/REFN	https://gedcom.io/terms/v7/TYPE	{0:1}
https://gedcom.io/terms/v7/RETI	https://gedcom.io/terms/v7/TYPE	{0:1}
https://gedcom.io/terms/v7/SSN	https://gedcom.io/terms/v7/TYPE	{0:1}
https://gedcom.io/terms/v7/WILL	https://gedcom.io/terms/v7/TYPE	{0:1}
https://gedcom.io/terms/v7/INDI-NAME	https://gedcom.io/terms/v7/NAME-TYPE	{0:1}
https://gedcom.io/terms/v7/EXID	https://gedcom.io/terms/v7/EXID-TYPE	{0:1}
https://gedcom.io/terms/v7/ADOP	https://gedcom.io/terms/v7/UID	{0:M}
https://gedcom.io/terms/v7/ANUL	https://gedcom.io/terms/v7/UID	{0:M}
https://gedcom.io/terms/v7/BAPM	https://gedcom.io/terms/v7/UID	{0:M}
https://gedcom.io/terms/v7/BARM	https://gedcom.io/terms/v7/UID	{0:M}
https://gedcom.io/terms/v7/BASM	https://gedcom.io/terms/v7/UID	{0:M}
https://gedcom.io/terms/v7/BIRT	https://gedcom.io/terms/v7/UID	{0:M}
https://gedcom.io/terms/v7/BLES	https://gedcom.io/terms/v7/UID	{0:M}
https://gedcom.io/terms/v7/BURI	https://gedcom.io/terms/v7/UID	{0:M}
https://gedcom.io/terms/v7/CAST	https://gedcom.io/terms/v7/UID	{0:M}
https://gedcom.io/terms/v7/CHR	https://gedcom.io/terms/v7/UID	{0:M}
https://gedcom.io/terms/v7/CHRA	https://gedcom.io/terms/v7/UID	{0:M}
https://gedcom.io/terms/v7/CONF	https://gedcom.io/terms/v7/UID	{0:M}
https://gedcom.io/terms/v7/CREM	https://gedcom.io/terms/v7/UID	{0:M}
https://gedcom.io/terms/v7/DEAT	https://gedcom.io/terms/v7/UID	{0:M}
https://gedcom.io/terms/v7/DIV	https://gedcom.io/terms/v7/UID	{0:M}
https://gedcom.io/terms/v7/DIVF	https://gedcom.io/terms/v7/UID	{0:M}
https://gedcom.io/terms/v7/DSCR	https://gedcom.io/terms/v7/UID	{0:M}
https://gedcom.io/terms/v7/EDUC	https://gedcom.io/terms/v7/UID	{0:M}
https://gedcom.io/terms/v7/EMIG	https://gedcom.io/terms/v7/UID	{0:M}
https://gedcom.io/terms/v7/ENGA	https://gedcom.io/terms/v7/UID	{0:M}
https://gedcom.io/terms/v7/FAM-CENS	https://gedcom.io/terms/v7/UID	{0:M}
https://gedcom.io/terms/v7/FAM-EVEN	https://gedcom.io/terms/v7/UID	{0:M}
https://gedcom.io/terms/v7/FAM-FACT	https://gedcom.io/terms/v7/UID	{0:M}
https://gedcom.io/terms/v7/FAM-NCHI	https://gedcom.io/terms/v7/UID	{0:M}
https://gedcom.io/terms/v7/FAM-RESI	https://gedcom.io/terms/v7/UID	{0:M}
https://gedcom.io/terms/v7/FCOM	https://gedcom.io/terms/v7/UID	{0:M}
https://gedcom.io/terms/v7/GRAD	https://gedcom.io/terms/v7/UID	{0:M}
https://gedcom.io/terms/v7/IDNO	https://gedcom.io/terms/v7/UID	{0:M}
https://gedcom.io/terms/v7/IMMI	https://gedcom.io/terms/v7/UID	{0:M}
https://gedcom.io/terms/v7/INDI-CENS	https://gedcom.io/terms/v7/UID	{0:M}
https://gedcom.io/terms/v7/INDI-EVEN	https://gedcom.io/terms/v7/UID	{0:M}
https://gedcom.io/terms/v7/INDI-FACT	https://gedcom.io/terms/v7/UID	{0:M}
https://gedcom.io/terms/v7/INDI-NCHI	https://gedcom.io/terms/v7/UID	{0:M}
https://gedcom.io/terms/v7/INDI-RELI	https://gedcom.io/terms/v7/UID	{0:M}
https://gedcom.io/terms/v7/INDI-RESI	https://gedcom.io/terms/v7/UID	{0:M}
https://gedcom.io/terms/v7/INDI-TITL	https://gedcom.io/terms/v7/UID	{0:M}
https://gedcom.io/terms/v7/MARB	https://gedcom.io/terms/v7/UID	{0:M}
https://gedcom.io/terms/v7/MARC	https://gedcom.io/terms/v7/UID	{0:M}
https://gedcom.io/terms/v7/MARL	https://gedcom.io/terms/v7/UID	{0:M}
https://gedcom.io/terms/v7/MARR	https://gedcom.io/terms/v7/UID	{0:M}
https://gedcom.io/terms/v7/MARS	https://gedcom.io/terms/v7/UID	{0:M}
https://gedcom.io/terms/v7/NATI	https://gedcom.io/terms/v7/UID	{0:M}
https://gedcom.io/terms/v7/NATU	https://gedcom.io/terms/v7/UID	{0:M}
https://gedcom.io/terms/v7/NMR	https://gedcom.io/terms/v7/UID	{0:M}
https://gedcom.io/terms/v7/OCCU	https://gedcom.io/terms/v7/UID	{0:M}
https://gedcom.io/terms/v7/ORDN	https://gedcom.io/terms/v7/UID	{0:M}
https://gedcom.io/terms/v7/PROB	https://gedcom.io/terms/v7/UID	{0:M}
https://gedcom.io/terms/v7/PROP	https://gedcom.io/terms/v7/UID	{0:M}
https://gedcom.io/terms/v7/RETI	https://gedcom.io/terms/v7/UID	{0:M}
https://gedcom.io/terms/v7/SSN	https://gedcom.io/terms/v7/UID	{0:M}
https://gedcom.io/terms/v7/WILL	https://gedcom.io/terms/v7/UID	{0:M}
https://gedcom.io/terms/v7/record-FAM	https://gedcom.io/terms/v7/UID	{0:M}
https://gedcom.io/terms/v7/record-INDI	https://gedcom.io/terms/v7/UID	{0:M}
https://gedcom.io/terms/v7/record-OBJE	https://gedcom.io/terms/v7/UID	{0:M}
https://gedcom.io/terms/v7/record-REPO	https://gedcom.io/terms/v7/UID	{0:M}
https://gedcom.io/terms/v7/record-SNOTE	https://gedcom.io/terms/v7/UID	{0:M}
https://gedcom.io/terms/v7/record-SOUR	https://gedcom.io/terms/v7/UID	{0:M}
https://gedcom.io/terms/v7/record-SUBM	https://gedcom.io/terms/v7/UID	{0:M}
https://gedcom.io/terms/v7/HEAD-SOUR	https://gedcom.io/terms/v7/VERS	{0:1}
https://gedcom.io/terms/v7/GEDC	https://gedcom.io/terms/v7/GEDC-VERS	{1:1}
https://gedcom.io/terms/v7/CROP	https://gedcom.io/terms/v7/WIDTH	{0:1}
https://gedcom.io/terms/v7/ANUL	https://gedcom.io/terms/v7/WIFE	{0:1}
https://gedcom.io/terms/v7/DIV	https://gedcom.io/terms/v7/WIFE	{0:1}
https://gedcom.io/terms/v7/DIVF	https://gedcom.io/terms/v7/WIFE	{0:1}
https://gedcom.io/terms/v7/ENGA	https://gedcom.io/terms/v7/WIFE	{0:1}
https://gedcom.io/terms/v7/FAM-CENS	https://gedcom.io/terms/v7/WIFE	{0:1}
https://gedcom.io/terms/v7/FAM-EVEN	https://gedcom.io/terms/v7/WIFE	{0:1}
https://gedcom.io/terms/v7/FAM-FACT	https://gedcom.io/terms/v7/WIFE	{0:1}
https://gedcom.io/terms/v7/FAM-NCHI	https://gedcom.io/terms/v7/WIFE	{0:1}
https://gedcom.io/terms/v7/FAM-RESI	https://gedcom.io/terms/v7/WIFE	{0:1}
https://gedcom.io/terms/v7/MARB	https://gedcom.io/terms/v7/WIFE	{0:1}
https://gedcom.io/terms/v7/MARC	https://gedcom.io/terms/v7/WIFE	{0:1}
https://gedcom.io/terms/v7/MARL	https://gedcom.io/terms/v7/WIFE	{0:1}
https://gedcom.io/terms/v7/MARR	https://gedcom.io/terms/v7/WIFE	{0:1}
https://gedcom.io/terms/v7/MARS	https://gedcom.io/terms/v7/WIFE	{0:1}
https://gedcom.io/terms/v7/record-FAM	https://gedcom.io/terms/v7/FAM-WIFE	{0:1}
https://gedcom.io/terms/v7/record-INDI	https://gedcom.io/terms/v7/WILL	{0:M}
https://gedcom.io/terms/v7/ADOP	https://gedcom.io/terms/v7/WWW	{0:M}
https://gedcom.io/terms/v7/ANUL	https://gedcom.io/terms/v7/WWW	{0:M}
https://gedcom.io/terms/v7/BAPM	https://gedcom.io/terms/v7/WWW	{0:M}
https://gedcom.io/terms/v7/BARM	https://gedcom.io/terms/v7/WWW	{0:M}
https://gedcom.io/terms/v7/BASM	https://gedcom.io/terms/v7/WWW	{0:M}
https://gedcom.io/terms/v7/BIRT	https://gedcom.io/terms/v7/WWW	{0:M}
https://gedcom.io/terms/v7/BLES	https://gedcom.io/terms/v7/WWW	{0:M}
https://gedcom.io/terms/v7/BURI	https://gedcom.io/terms/v7/WWW	{0:M}
https://gedcom.io/terms/v7/CAST	https://gedcom.io/terms/v7/WWW	{0:M}
https://gedcom.io/terms/v7/CHR	https://gedcom.io/terms/v7/WWW	{0:M}
https://gedcom.io/terms/v7/CHRA	https://gedcom.io/terms/v7/WWW	{0:M}
https://gedcom.io/terms/v7/CONF	https://gedcom.io/terms/v7/WWW	{0:M}
https://gedcom.io/terms/v7/CORP	https://gedcom.io/terms/v7/WWW	{0:M}
https://gedcom.io/terms/v7/CREM	https://gedcom.io/terms/v7/WWW	{0:M}
https://gedcom.io/terms/v7/DEAT	https://gedcom.io/terms/v7/WWW	{0:M}
https://gedcom.io/terms/v7/DIV	https://gedcom.io/terms/v7/WWW	{0:M}
https://gedcom.io/terms/v7/DIVF	https://gedcom.io/terms/v7/WWW	{0:M}
https://gedcom.io/terms/v7/DSCR	https://gedcom.io/terms/v7/WWW	{0:M}
https://gedcom.io/terms/v7/EDUC	https://gedcom.io/terms/v7/WWW	{0:M}
https://gedcom.io/terms/v7/EMIG	https://gedcom.io/terms/v7/WWW	{0:M}
https://gedcom.io/terms/v7/ENGA	https://gedcom.io/terms/v7/WWW	{0:M}
https://gedcom.io/terms/v7/FAM-CENS	https://gedcom.io/terms/v7/WWW	{0:M}
https://gedcom.io/terms/v7/FAM-EVEN	https://gedcom.io/terms/v7/WWW	{0:M}
https://gedcom.io/terms/v7/FAM-FACT	https://gedcom.io/terms/v7/WWW	{0:M}
https://gedcom.io/terms/v7/FAM-NCHI	https://gedcom.io/terms/v7/WWW	{0:M}
https://gedcom.io/terms/v7/FAM-RESI	https://gedcom.io/terms/v7/WWW	{0:M}
https://gedcom.io/terms/v7/FCOM	https://gedcom.io/terms/v7/WWW	{0:M}
https://gedcom.io/terms/v7/GRAD	https://gedcom.io/terms/v7/WWW	{0:M}
https://gedcom.io/terms/v7/IDNO	https://gedcom.io/terms/v7/WWW	{0:M}
https://gedcom.io/terms/v7/IMMI	https://gedcom.io/terms/v7/WWW	{0:M}
https://gedcom.io/terms/v7/INDI-CENS	https://gedcom.io/terms/v7/WWW	{0:M}
https://gedcom.io/terms/v7/INDI-EVEN	https://gedcom.io/terms/v7/WWW	{0:M}
https://gedcom.io/terms/v7/INDI-FACT	https://gedcom.io/terms/v7/WWW	{0:M}
https://gedcom.io/terms/v7/INDI-NCHI	https://gedcom.io/terms/v7/WWW	{0:M}
https://gedcom.io/terms/v7/INDI-RELI	https://gedcom.io/terms/v7/WWW	{0:M}
https://gedcom.io/terms/v7/INDI-RESI	https://gedcom.io/terms/v7/WWW	{0:M}
https://gedcom.io/terms/v7/INDI-TITL	https://gedcom.io/terms/v7/WWW	{0:M}
https://gedcom.io/terms/v7/MARB	https://gedcom.io/terms/v7/WWW	{0:M}
https://gedcom.io/terms/v7/MARC	https://gedcom.io/terms/v7/WWW	{0:M}
https://gedcom.io/terms/v7/MARL	https://gedcom.io/terms/v7/WWW	{0:M}
https://gedcom.io/terms/v7/MARR	https://gedcom.io/terms/v7/WWW	{0:M}
https://gedcom.io/terms/v7/MARS	https://gedcom.io/terms/v7/WWW	{0:M}
https://gedcom.io/terms/v7/NATI	https://gedcom.io/terms/v7/WWW	{0:M}
https://gedcom.io/terms/v7/NATU	https://gedcom.io/terms/v7/WWW	{0:M}
https://gedcom.io/terms/v7/NMR	https://gedcom.io/terms/v7/WWW	{0:M}
https://gedcom.io/terms/v7/OCCU	https://gedcom.io/terms/v7/WWW	{0:M}
https://gedcom.io/terms/v7/ORDN	https://gedcom.io/terms/v7/WWW	{0:M}
https://gedcom.io/terms/v7/PROB	https://gedcom.io/terms/v7/WWW	{0:M}
https://gedcom.io/terms/v7/PROP	https://gedcom.io/terms/v7/WWW	{0:M}
https://gedcom.io/terms/v7/RETI	https://gedcom.io/terms/v7/WWW	{0:M}
https://gedcom.io/terms/v7/SSN	https://gedcom.io/terms/v7/WWW	{0:M}
https://gedcom.io/terms/v7/WILL	https://gedcom.io/terms/v7/WWW	{0:M}
https://gedcom.io/terms/v7/record-REPO	https://gedcom.io/terms/v7/WWW	{0:M}
https://gedcom.io/terms/v7/record-SUBM	https://gedcom.io/terms/v7/WWW	{0:M}
