https://gedcom.io/terms/v7/record-SOUR	ABBR	https://gedcom.io/terms/v7/ABBR
https://gedcom.io/terms/v7/ADOP	ADDR	https://gedcom.io/terms/v7/ADDR
https://gedcom.io/terms/v7/ANUL	ADDR	https://gedcom.io/terms/v7/ADDR
https://gedcom.io/terms/v7/BAPM	ADDR	https://gedcom.io/terms/v7/ADDR
https://gedcom.io/terms/v7/BARM	ADDR	https://gedcom.io/terms/v7/ADDR
https://gedcom.io/terms/v7/BASM	ADDR	https://gedcom.io/terms/v7/ADDR
https://gedcom.io/terms/v7/BIRT	ADDR	https://gedcom.io/terms/v7/ADDR
https://gedcom.io/terms/v7/BLES	ADDR	https://gedcom.io/terms/v7/ADDR
https://gedcom.io/terms/v7/BURI	ADDR	https://gedcom.io/terms/v7/ADDR
https://gedcom.io/terms/v7/CAST	ADDR	https://gedcom.io/terms/v7/ADDR
https://gedcom.io/terms/v7/CHR	ADDR	https://gedcom.io/terms/v7/ADDR
https://gedcom.io/terms/v7/CHRA	ADDR	https://gedcom.io/terms/v7/ADDR
https://gedcom.io/terms/v7/CONF	ADDR	https://gedcom.io/terms/v7/ADDR
https://gedcom.io/terms/v7/CORP	ADDR	https://gedcom.io/terms/v7/ADDR
https://gedcom.io/terms/v7/CREM	ADDR	https://gedcom.io/terms/v7/ADDR
https://gedcom.io/terms/v7/DEAT	ADDR	https://gedcom.io/terms/v7/ADDR
https://gedcom.io/terms/v7/DIV	ADDR	https://gedcom.io/terms/v7/ADDR
https://gedcom.io/terms/v7/DIVF	ADDR	https://gedcom.io/terms/v7/ADDR
https://gedcom.io/terms/v7/DSCR	ADDR	https://gedcom.io/terms/v7/ADDR
https://gedcom.io/terms/v7/EDUC	ADDR	https://gedcom.io/terms/v7/ADDR
https://gedcom.io/terms/v7/EMIG	ADDR	https://gedcom.io/terms/v7/ADDR
https://gedcom.io/terms/v7/ENGA	ADDR	https://gedcom.io/terms/v7/ADDR
https://gedcom.io/terms/v7/FAM-CENS	ADDR	https://gedcom.io/terms/v7/ADDR
https://gedcom.io/terms/v7/FAM-EVEN	ADDR	https://gedcom.io/terms/v7/ADDR
https://gedcom.io/terms/v7/FAM-FACT	ADDR	https://gedcom.io/terms/v7/ADDR
https://gedcom.io/terms/v7/FAM-NCHI	ADDR	https://gedcom.io/terms/v7/ADDR
https://gedcom.io/terms/v7/FAM-RESI	ADDR	https://gedcom.io/terms/v7/ADDR
https://gedcom.io/terms/v7/FCOM	ADDR	https://gedcom.io/terms/v7/ADDR
https://gedcom.io/terms/v7/GRAD	ADDR	https://gedcom.io/terms/v7/ADDR
https://gedcom.io/terms/v7/IDNO	ADDR	https://gedcom.io/terms/v7/ADDR
https://gedcom.io/terms/v7/IMMI	ADDR	https://gedcom.io/terms/v7/ADDR
https://gedcom.io/terms/v7/INDI-CENS	ADDR	https://gedcom.io/terms/v7/ADDR
https://gedcom.io/terms/v7/INDI-EVEN	ADDR	https://gedcom.io/terms/v7/ADDR
https://gedcom.io/terms/v7/INDI-FACT	ADDR	https://gedcom.io/terms/v7/ADDR
https://gedcom.io/terms/v7/INDI-NCHI	ADDR	https://gedcom.io/terms/v7/ADDR
https://gedcom.io/terms/v7/INDI-RELI	ADDR	https://gedcom.io/terms/v7/ADDR
https://gedcom.io/terms/v7/INDI-RESI	ADDR	https://gedcom.io/terms/v7/ADDR
https://gedcom.io/terms/v7/INDI-TITL	ADDR	https://gedcom.io/terms/v7/ADDR
https://gedcom.io/terms/v7/MARB	ADDR	https://gedcom.io/terms/v7/ADDR
https://gedcom.io/terms/v7/MARC	ADDR	https://gedcom.io/terms/v7/ADDR
https://gedcom.io/terms/v7/MARL	ADDR	https://gedcom.io/terms/v7/ADDR
https://gedcom.io/terms/v7/MARR	ADDR	https://gedcom.io/terms/v7/ADDR
https://gedcom.io/terms/v7/MARS	ADDR	https://gedcom.io/terms/v7/ADDR
https://gedcom.io/terms/v7/NATI	ADDR	https://gedcom.io/terms/v7/ADDR
https://gedcom.io/terms/v7/NATU	ADDR	https://gedcom.io/terms/v7/ADDR
https://gedcom.io/terms/v7/NMR	ADDR	https://gedcom.io/terms/v7/ADDR
https://gedcom.io/terms/v7/OCCU	ADDR	https://gedcom.io/terms/v7/ADDR
https://gedcom.io/terms/v7/ORDN	ADDR	https://gedcom.io/terms/v7/ADDR
https://gedcom.io/terms/v7/PROB	ADDR	https://gedcom.io/terms/v7/ADDR
https://gedcom.io/terms/v7/PROP	ADDR	https://gedcom.io/terms/v7/ADDR
https://gedcom.io/terms/v7/RETI	ADDR	https://gedcom.io/terms/v7/ADDR
https://gedcom.io/terms/v7/SSN	ADDR	https://gedcom.io/terms/v7/ADDR
https://gedcom.io/terms/v7/WILL	ADDR	https://gedcom.io/terms/v7/ADDR
https://gedcom.io/terms/v7/record-REPO	ADDR	https://gedcom.io/terms/v7/ADDR
https://gedcom.io/terms/v7/record-SUBM	ADDR	https://gedcom.io/terms/v7/ADDR
https://gedcom.io/terms/v7/record-INDI	ADOP	https://gedcom.io/terms/v7/ADOP
https://gedcom.io/terms/v7/ADOP-FAMC	ADOP	https://gedcom.io/terms/v7/FAMC-ADOP
https://gedcom.io/terms/v7/ADDR	ADR1	https://gedcom.io/terms/v7/ADR1
https://gedcom.io/terms/v7/ADDR	ADR2	https://gedcom.io/terms/v7/ADR2
https://gedcom.io/terms/v7/ADDR	ADR3	https://gedcom.io/terms/v7/ADR3
https://gedcom.io/terms/v7/ADOP	AGE	https://gedcom.io/terms/v7/AGE
https://gedcom.io/terms/v7/BAPM	AGE	https://gedcom.io/terms/v7/AGE
https://gedcom.io/terms/v7/BARM	AGE	https://gedcom.io/terms/v7/AGE
https://gedcom.io/terms/v7/BASM	AGE	https://gedcom.io/terms/v7/AGE
https://gedcom.io/terms/v7/BIRT	AGE	https://gedcom.io/terms/v7/AGE
https://gedcom.io/terms/v7/BLES	AGE	https://gedcom.io/terms/v7/AGE
https://gedcom.io/terms/v7/BURI	AGE	https://gedcom.io/terms/v7/AGE
https://gedcom.io/terms/v7/CAST	AGE	https://gedcom.io/terms/v7/AGE
https://gedcom.io/terms/v7/CHR	AGE	https://gedcom.io/terms/v7/AGE
https://gedcom.io/terms/v7/CHRA	AGE	https://gedcom.io/terms/v7/AGE
https://gedcom.io/terms/v7/CONF	AGE	https://gedcom.io/terms/v7/AGE
https://gedcom.io/terms/v7/CREM	AGE	https://gedcom.io/terms/v7/AGE
https://gedcom.io/terms/v7/DEAT	AGE	https://gedcom.io/terms/v7/AGE
https://gedcom.io/terms/v7/DSCR	AGE	https://gedcom.io/terms/v7/AGE
https://gedcom.io/terms/v7/EDUC	AGE	https://gedcom.io/terms/v7/AGE
https://gedcom.io/terms/v7/EMIG	AGE	https://gedcom.io/terms/v7/AGE
https://gedcom.io/terms/v7/FCOM	AGE	https://gedcom.io/terms/v7/AGE
https://gedcom.io/terms/v7/GRAD	AGE	https://gedcom.io/terms/v7/AGE
https://gedcom.io/terms/v7/HUSB	AGE	https://gedcom.io/terms/v7/AGE
https://gedcom.io/terms/v7/IDNO	AGE	https://gedcom.io/terms/v7/AGE
https://gedcom.io/terms/v7/IMMI	AGE	https://gedcom.io/terms/v7/AGE
https://gedcom.io/terms/v7/INDI-CENS	AGE	https://gedcom.io/terms/v7/AGE
https://gedcom.io/terms/v7/INDI-EVEN	AGE	https://gedcom.io/terms/v7/AGE
https://gedcom.io/terms/v7/INDI-FACT	AGE	https://gedcom.io/terms/v7/AGE
https://gedcom.io/terms/v7/INDI-NCHI	AGE	https://gedcom.io/terms/v7/AGE
https://gedcom.io/terms/v7/INDI-RELI	AGE	https://gedcom.io/terms/v7/AGE
https://gedcom.io/terms/v7/INDI-RESI	AGE	https://gedcom.io/terms/v7/AGE
https://gedcom.io/terms/v7/INDI-TITL	AGE	https://gedcom.io/terms/v7/AGE
https://gedcom.io/terms/v7/NATI	AGE	https://gedcom.io/terms/v7/AGE
https://gedcom.io/terms/v7/NATU	AGE	https://gedcom.io/terms/v7/AGE
https://gedcom.io/terms/v7/NMR	AGE	https://gedcom.io/terms/v7/AGE
https://gedcom.io/terms/v7/OCCU	AGE	https://gedcom.io/terms/v7/AGE
https://gedcom.io/terms/v7/ORDN	AGE	https://gedcom.io/terms/v7/AGE
https://gedcom.io/terms/v7/PROB	AGE	https://gedcom.io/terms/v7/AGE
https://gedcom.io/terms/v7/PROP	AGE	https://gedcom.io/terms/v7/AGE
https://gedcom.io/terms/v7/RETI	AGE	https://gedcom.io/terms/v7/AGE
https://gedcom.io/terms/v7/SSN	AGE	https://gedcom.io/terms/v7/AGE
https://gedcom.io/terms/v7/WIFE	AGE	https://gedcom.io/terms/v7/AGE
https://gedcom.io/terms/v7/WILL	AGE	https://gedcom.io/terms/v7/AGE
https://gedcom.io/terms/v7/ADOP	AGNC	https://gedcom.io/terms/v7/AGNC
https://gedcom.io/terms/v7/ANUL	AGNC	https://gedcom.io/terms/v7/AGNC
https://gedcom.io/terms/v7/BAPM	AGNC	https://gedcom.io/terms/v7/AGNC
https://gedcom.io/terms/v7/BARM	AGNC	https://gedcom.io/terms/v7/AGNC
https://gedcom.io/terms/v7/BASM	AGNC	https://gedcom.io/terms/v7/AGNC
https://gedcom.io/terms/v7/BIRT	AGNC	https://gedcom.io/terms/v7/AGNC
https://gedcom.io/terms/v7/BLES	AGNC	https://gedcom.io/terms/v7/AGNC
https://gedcom.io/terms/v7/BURI	AGNC	https://gedcom.io/terms/v7/AGNC
https://gedcom.io/terms/v7/CAST	AGNC	https://gedcom.io/terms/v7/AGNC
https://gedcom.io/terms/v7/CHR	AGNC	https://gedcom.io/terms/v7/AGNC
https://gedcom.io/terms/v7/CHRA	AGNC	https://gedcom.io/terms/v7/AGNC
https://gedcom.io/terms/v7/CONF	AGNC	https://gedcom.io/terms/v7/AGNC
https://gedcom.io/terms/v7/CREM	AGNC	https://gedcom.io/terms/v7/AGNC
https://gedcom.io/terms/v7/DATA	AGNC	https://gedcom.io/terms/v7/AGNC
https://gedcom.io/terms/v7/DEAT	AGNC	https://gedcom.io/terms/v7/AGNC
https://gedcom.io/terms/v7/DIV	AGNC	https://gedcom.io/terms/v7/AGNC
https://gedcom.io/terms/v7/DIVF	AGNC	https://gedcom.io/terms/v7/AGNC
https://gedcom.io/terms/v7/DSCR	AGNC	https://gedcom.io/terms/v7/AGNC
https://gedcom.io/terms/v7/EDUC	AGNC	https://gedcom.io/terms/v7/AGNC
https://gedcom.io/terms/v7/EMIG	AGNC	https://gedcom.io/terms/v7/AGNC
https://gedcom.io/terms/v7/ENGA	AGNC	https://gedcom.io/terms/v7/AGNC
https://gedcom.io/terms/v7/FAM-CENS	AGNC	https://gedcom.io/terms/v7/AGNC
https://gedcom.io/terms/v7/FAM-EVEN	AGNC	https://gedcom.io/terms/v7/AGNC
https://gedcom.io/terms/v7/FAM-FACT	AGNC	https://gedcom.io/terms/v7/AGNC
https://gedcom.io/terms/v7/FAM-NCHI	AGNC	https://gedcom.io/terms/v7/AGNC
https://gedcom.io/terms/v7/FAM-RESI	AGNC	https://gedcom.io/terms/v7/AGNC
https://gedcom.io/terms/v7/FCOM	AGNC	https://gedcom.io/terms/v7/AGNC
https://gedcom.io/terms/v7/GRAD	AGNC	https://gedcom.io/terms/v7/AGNC
https://gedcom.io/terms/v7/IDNO	AGNC	https://gedcom.io/terms/v7/AGNC
https://gedcom.io/terms/v7/IMMI	AGNC	https://gedcom.io/terms/v7/AGNC
https://gedcom.io/terms/v7/INDI-CENS	AGNC	https://gedcom.io/terms/v7/AGNC
https://gedcom.io/terms/v7/INDI-EVEN	AGNC	https://gedcom.io/terms/v7/AGNC
https://gedcom.io/terms/v7/INDI-FACT	AGNC	https://gedcom.io/terms/v7/AGNC
https://gedcom.io/terms/v7/INDI-NCHI	AGNC	https://gedcom.io/terms/v7/AGNC
https://gedcom.io/terms/v7/INDI-RELI	AGNC	https://gedcom.io/terms/v7/AGNC
https://gedcom.io/terms/v7/INDI-RESI	AGNC	https://gedcom.io/terms/v7/AGNC
https://gedcom.io/terms/v7/INDI-TITL	AGNC	https://gedcom.io/terms/v7/AGNC
https://gedcom.io/terms/v7/MARB	AGNC	https://gedcom.io/terms/v7/AGNC
https://gedcom.io/terms/v7/MARC	AGNC	https://gedcom.io/terms/v7/AGNC
https://gedcom.io/terms/v7/MARL	AGNC	https://gedcom.io/terms/v7/AGNC
https://gedcom.io/terms/v7/MARR	AGNC	https://gedcom.io/terms/v7/AGNC
https://gedcom.io/terms/v7/MARS	AGNC	https://gedcom.io/terms/v7/AGNC
https://gedcom.io/terms/v7/NATI	AGNC	https://gedcom.io/terms/v7/AGNC
https://gedcom.io/terms/v7/NATU	AGNC	https://gedcom.io/terms/v7/AGNC
https://gedcom.io/terms/v7/NMR	AGNC	https://gedcom.io/terms/v7/AGNC
https://gedcom.io/terms/v7/OCCU	AGNC	https://gedcom.io/terms/v7/AGNC
https://gedcom.io/terms/v7/ORDN	AGNC	https://gedcom.io/terms/v7/AGNC
https://gedcom.io/terms/v7/PROB	AGNC	https://gedcom.io/terms/v7/AGNC
https://gedcom.io/terms/v7/PROP	AGNC	https://gedcom.io/terms/v7/AGNC
https://gedcom.io/terms/v7/RETI	AGNC	https://gedcom.io/terms/v7/AGNC
https://gedcom.io/terms/v7/SSN	AGNC	https://gedcom.io/terms/v7/AGNC
https://gedcom.io/terms/v7/WILL	AGNC	https://gedcom.io/terms/v7/AGNC
https://gedcom.io/terms/v7/record-INDI	ALIA	https://gedcom.io/terms/v7/ALIA
https://gedcom.io/terms/v7/record-INDI	ANCI	https://gedcom.io/terms/v7/ANCI
https://gedcom.io/terms/v7/record-FAM	ANUL	https://gedcom.io/terms/v7/ANUL
https://gedcom.io/terms/v7/ADOP	ASSO	https://gedcom.io/terms/v7/ASSO
https://gedcom.io/terms/v7/ANUL	ASSO	https://gedcom.io/terms/v7/ASSO
https://gedcom.io/terms/v7/BAPM	ASSO	https://gedcom.io/terms/v7/ASSO
https://gedcom.io/terms/v7/BARM	ASSO	https://gedcom.io/terms/v7/ASSO
https://gedcom.io/terms/v7/BASM	ASSO	https://gedcom.io/terms/v7/ASSO
https://gedcom.io/terms/v7/BIRT	ASSO	https://gedcom.io/terms/v7/ASSO
https://gedcom.io/terms/v7/BLES	ASSO	https://gedcom.io/terms/v7/ASSO
https://gedcom.io/terms/v7/BURI	ASSO	https://gedcom.io/terms/v7/ASSO
https://gedcom.io/terms/v7/CAST	ASSO	https://gedcom.io/terms/v7/ASSO
https://gedcom.io/terms/v7/CHR	ASSO	https://gedcom.io/terms/v7/ASSO
https://gedcom.io/terms/v7/CHRA	ASSO	https://gedcom.io/terms/v7/ASSO
https://gedcom.io/terms/v7/CONF	ASSO	https://gedcom.io/terms/v7/ASSO
https://gedcom.io/terms/v7/CREM	ASSO	https://gedcom.io/terms/v7/ASSO
https://gedcom.io/terms/v7/DEAT	ASSO	https://gedcom.io/terms/v7/ASSO
https://gedcom.io/terms/v7/DIV	ASSO	https://gedcom.io/terms/v7/ASSO
https://gedcom.io/terms/v7/DIVF	ASSO	https://gedcom.io/terms/v7/ASSO
https://gedcom.io/terms/v7/DSCR	ASSO	https://gedcom.io/terms/v7/ASSO
https://gedcom.io/terms/v7/EDUC	ASSO	https://gedcom.io/terms/v7/ASSO
https://gedcom.io/terms/v7/EMIG	ASSO	https://gedcom.io/terms/v7/ASSO
https://gedcom.io/terms/v7/ENGA	ASSO	https://gedcom.io/terms/v7/ASSO
https://gedcom.io/terms/v7/FAM-CENS	ASSO	https://gedcom.io/terms/v7/ASSO
https://gedcom.io/terms/v7/FAM-EVEN	ASSO	https://gedcom.io/terms/v7/ASSO
https://gedcom.io/terms/v7/FAM-FACT	ASSO	https://gedcom.io/terms/v7/ASSO
https://gedcom.io/terms/v7/FAM-NCHI	ASSO	https://gedcom.io/terms/v7/ASSO
https://gedcom.io/terms/v7/FAM-RESI	ASSO	https://gedcom.io/terms/v7/ASSO
https://gedcom.io/terms/v7/FCOM	ASSO	https://gedcom.io/terms/v7/ASSO
https://gedcom.io/terms/v7/GRAD	ASSO	https://gedcom.io/terms/v7/ASSO
https://gedcom.io/terms/v7/IDNO	ASSO	https://gedcom.io/terms/v7/ASSO
https://gedcom.io/terms/v7/IMMI	ASSO	https://gedcom.io/terms/v7/ASSO
https://gedcom.io/terms/v7/INDI-CENS	ASSO	https://gedcom.io/terms/v7/ASSO
https://gedcom.io/terms/v7/INDI-EVEN	ASSO	https://gedcom.io/terms/v7/ASSO
https://gedcom.io/terms/v7/INDI-FACT	ASSO	https://gedcom.io/terms/v7/ASSO
https://gedcom.io/terms/v7/INDI-NCHI	ASSO	https://gedcom.io/terms/v7/ASSO
https://gedcom.io/terms/v7/INDI-RELI	ASSO	https://gedcom.io/terms/v7/ASSO
https://gedcom.io/terms/v7/INDI-RESI	ASSO	https://gedcom.io/terms/v7/ASSO
https://gedcom.io/terms/v7/INDI-TITL	ASSO	https://gedcom.io/terms/v7/ASSO
https://gedcom.io/terms/v7/MARB	ASSO	https://gedcom.io/terms/v7/ASSO
https://gedcom.io/terms/v7/MARC	ASSO	https://gedcom.io/terms/v7/ASSO
https://gedcom.io/terms/v7/MARL	ASSO	https://gedcom.io/terms/v7/ASSO
https://gedcom.io/terms/v7/MARR	ASSO	https://gedcom.io/terms/v7/ASSO
https://gedcom.io/terms/v7/MARS	ASSO	https://gedcom.io/terms/v7/ASSO
https://gedcom.io/terms/v7/NATI	ASSO	https://gedcom.io/terms/v7/ASSO
https://gedcom.io/terms/v7/NATU	ASSO	https://gedcom.io/terms/v7/ASSO
https://gedcom.io/terms/v7/NMR	ASSO	https://gedcom.io/terms/v7/ASSO
https://gedcom.io/terms/v7/OCCU	ASSO	https://gedcom.io/terms/v7/ASSO
https://gedcom.io/terms/v7/ORDN	ASSO	https://gedcom.io/terms/v7/ASSO
https://gedcom.io/terms/v7/PROB	ASSO	https://gedcom.io/terms/v7/ASSO
https://gedcom.io/terms/v7/PROP	ASSO	https://gedcom.io/terms/v7/ASSO
https://gedcom.io/terms/v7/RETI	ASSO	https://gedcom.io/terms/v7/ASSO
https://gedcom.io/terms/v7/SSN	ASSO	https://gedcom.io/terms/v7/ASSO
https://gedcom.io/terms/v7/WILL	ASSO	https://gedcom.io/terms/v7/ASSO
https://gedcom.io/terms/v7/record-FAM	ASSO	https://gedcom.io/terms/v7/ASSO
https://gedcom.io/terms/v7/record-INDI	ASSO	https://gedcom.io/terms/v7/ASSO
https://gedcom.io/terms/v7/record-SOUR	AUTH	https://gedcom.io/terms/v7/AUTH
https://gedcom.io/terms/v7/record-INDI	BAPL	https://gedcom.io/terms/v7/BAPL
https://gedcom.io/terms/v7/record-INDI	BAPM	https://gedcom.io/terms/v7/BAPM
https://gedcom.io/terms/v7/record-INDI	BARM	https://gedcom.io/terms/v7/BARM
https://gedcom.io/terms/v7/record-INDI	BASM	https://gedcom.io/terms/v7/BASM
https://gedcom.io/terms/v7/record-INDI	BIRT	https://gedcom.io/terms/v7/BIRT
https://gedcom.io/terms/v7/record-INDI	BLES	https://gedcom.io/terms/v7/BLES
https://gedcom.io/terms/v7/record-INDI	BURI	https://gedcom.io/terms/v7/BURI
https://gedcom.io/terms/v7/REPO	CALN	https://gedcom.io/terms/v7/CALN
https://gedcom.io/terms/v7/record-INDI	CAST	https://gedcom.io/terms/v7/CAST
https://gedcom.io/terms/v7/ADOP	CAUS	https://gedcom.io/terms/v7/CAUS
https://gedcom.io/terms/v7/ANUL	CAUS	https://gedcom.io/terms/v7/CAUS
https://gedcom.io/terms/v7/BAPM	CAUS	https://gedcom.io/terms/v7/CAUS
https://gedcom.io/terms/v7/BARM	CAUS	https://gedcom.io/terms/v7/CAUS
https://gedcom.io/terms/v7/BASM	CAUS	https://gedcom.io/terms/v7/CAUS
https://gedcom.io/terms/v7/BIRT	CAUS	https://gedcom.io/terms/v7/CAUS
https://gedcom.io/terms/v7/BLES	CAUS	https://gedcom.io/terms/v7/CAUS
https://gedcom.io/terms/v7/BURI	CAUS	https://gedcom.io/terms/v7/CAUS
https://gedcom.io/terms/v7/CAST	CAUS	https://gedcom.io/terms/v7/CAUS
https://gedcom.io/terms/v7/CHR	CAUS	https://gedcom.io/terms/v7/CAUS
https://gedcom.io/terms/v7/CHRA	CAUS	https://gedcom.io/terms/v7/CAUS
https://gedcom.io/terms/v7/CONF	CAUS	https://gedcom.io/terms/v7/CAUS
https://gedcom.io/terms/v7/CREM	CAUS	https://gedcom.io/terms/v7/CAUS
https://gedcom.io/terms/v7/DEAT	CAUS	https://gedcom.io/terms/v7/CAUS
https://gedcom.io/terms/v7/DIV	CAUS	https://gedcom.io/terms/v7/CAUS
https://gedcom.io/terms/v7/DIVF	CAUS	https://gedcom.io/terms/v7/CAUS
https://gedcom.io/terms/v7/DSCR	CAUS	https://gedcom.io/terms/v7/CAUS
https://gedcom.io/terms/v7/EDUC	CAUS	https://gedcom.io/terms/v7/CAUS
https://gedcom.io/terms/v7/EMIG	CAUS	https://gedcom.io/terms/v7/CAUS
https://gedcom.io/terms/v7/ENGA	CAUS	https://gedcom.io/terms/v7/CAUS
https://gedcom.io/terms/v7/FAM-CENS	CAUS	https://gedcom.io/terms/v7/CAUS
https://gedcom.io/terms/v7/FAM-EVEN	CAUS	https://gedcom.io/terms/v7/CAUS
https://gedcom.io/terms/v7/FAM-FACT	CAUS	https://gedcom.io/terms/v7/CAUS
https://gedcom.io/terms/v7/FAM-NCHI	CAUS	https://gedcom.io/terms/v7/CAUS
https://gedcom.io/terms/v7/FAM-RESI	CAUS	https://gedcom.io/terms/v7/CAUS
https://gedcom.io/terms/v7/FCOM	CAUS	https://gedcom.io/terms/v7/CAUS
https://gedcom.io/terms/v7/GRAD	CAUS	https://gedcom.io/terms/v7/CAUS
https://gedcom.io/terms/v7/IDNO	CAUS	https://gedcom.io/terms/v7/CAUS
https://gedcom.io/terms/v7/IMMI	CAUS	https://gedcom.io/terms/v7/CAUS
https://gedcom.io/terms/v7/INDI-CENS	CAUS	https://gedcom.io/terms/v7/CAUS
https://gedcom.io/terms/v7/INDI-EVEN	CAUS	https://gedcom.io/terms/v7/CAUS
https://gedcom.io/terms/v7/INDI-FACT	CAUS	https://gedcom.io/terms/v7/CAUS
https://gedcom.io/terms/v7/INDI-NCHI	CAUS	https://gedcom.io/terms/v7/CAUS
https://gedcom.io/terms/v7/INDI-RELI	CAUS	https://gedcom.io/terms/v7/CAUS
https://gedcom.io/terms/v7/INDI-RESI	CAUS	https://gedcom.io/terms/v7/CAUS
https://gedcom.io/terms/v7/INDI-TITL	CAUS	https://gedcom.io/terms/v7/CAUS
https://gedcom.io/terms/v7/MARB	CAUS	https://gedcom.io/terms/v7/CAUS
https://gedcom.io/terms/v7/MARC	CAUS	https://gedcom.io/terms/v7/CAUS
https://gedcom.io/terms/v7/MARL	CAUS	https://gedcom.io/terms/v7/CAUS
https://gedcom.io/terms/v7/MARR	CAUS	https://gedcom.io/terms/v7/CAUS
https://gedcom.io/terms/v7/MARS	CAUS	https://gedcom.io/terms/v7/CAUS
https://gedcom.io/terms/v7/NATI	CAUS	https://gedcom.io/terms/v7/CAUS
https://gedcom.io/terms/v7/NATU	CAUS	https://gedcom.io/terms/v7/CAUS
https://gedcom.io/terms/v7/NMR	CAUS	https://gedcom.io/terms/v7/CAUS
https://gedcom.io/terms/v7/OCCU	CAUS	https://gedcom.io/terms/v7/CAUS
https://gedcom.io/terms/v7/ORDN	CAUS	https://gedcom.io/terms/v7/CAUS
https://gedcom.io/terms/v7/PROB	CAUS	https://gedcom.io/terms/v7/CAUS
https://gedcom.io/terms/v7/PROP	CAUS	https://gedcom.io/terms/v7/CAUS
https://gedcom.io/terms/v7/RETI	CAUS	https://gedcom.io/terms/v7/CAUS
https://gedcom.io/terms/v7/SSN	CAUS	https://gedcom.io/terms/v7/CAUS
https://gedcom.io/terms/v7/WILL	CAUS	https://gedcom.io/terms/v7/CAUS
https://gedcom.io/terms/v7/record-FAM	CENS	https://gedcom.io/terms/v7/FAM-CENS
https://gedcom.io/terms/v7/record-INDI	CENS	https://gedcom.io/terms/v7/INDI-CENS
https://gedcom.io/terms/v7/record-FAM	CHAN	https://gedcom.io/terms/v7/CHAN
https://gedcom.io/terms/v7/record-INDI	CHAN	https://gedcom.io/terms/v7/CHAN
https://gedcom.io/terms/v7/record-OBJE	CHAN	https://gedcom.io/terms/v7/CHAN
https://gedcom.io/terms/v7/record-REPO	CHAN	https://gedcom.io/terms/v7/CHAN
https://gedcom.io/terms/v7/record-SNOTE	CHAN	https://gedcom.io/terms/v7/CHAN
https://gedcom.io/terms/v7/record-SOUR	CHAN	https://gedcom.io/terms/v7/CHAN
https://gedcom.io/terms/v7/record-SUBM	CHAN	https://gedcom.io/terms/v7/CHAN
https://gedcom.io/terms/v7/record-FAM	CHIL	https://gedcom.io/terms/v7/CHIL
https://gedcom.io/terms/v7/record-INDI	CHRA	https://gedcom.io/terms/v7/CHRA
https://gedcom.io/terms/v7/record-INDI	CHR	https://gedcom.io/terms/v7/CHR
https://gedcom.io/terms/v7/ADDR	CITY	https://gedcom.io/terms/v7/CITY
https://gedcom.io/terms/v7/record-INDI	CONF	https://gedcom.io/terms/v7/CONF
https://gedcom.io/terms/v7/record-INDI	CONL	https://gedcom.io/terms/v7/CONL
HEAD pseudostructure	COPR	https://gedcom.io/terms/v7/COPR
https://gedcom.io/terms/v7/HEAD-SOUR-DATA	COPR	https://gedcom.io/terms/v7/COPR
https://gedcom.io/terms/v7/HEAD-SOUR	CORP	https://gedcom.io/terms/v7/CORP
https://gedcom.io/terms/v7/record-FAM	CREA	https://gedcom.io/terms/v7/CREA
https://gedcom.io/terms/v7/record-INDI	CREA	https://gedcom.io/terms/v7/CREA
https://gedcom.io/terms/v7/record-OBJE	CREA	https://gedcom.io/terms/v7/CREA
https://gedcom.io/terms/v7/record-REPO	CREA	https://gedcom.io/terms/v7/CREA
https://gedcom.io/terms/v7/record-SNOTE	CREA	https://gedcom.io/terms/v7/CREA
https://gedcom.io/terms/v7/record-SOUR	CREA	https://gedcom.io/terms/v7/CREA
https://gedcom.io/terms/v7/record-SUBM	CREA	https://gedcom.io/terms/v7/CREA
https://gedcom.io/terms/v7/record-INDI	CREM	https://gedcom.io/terms/v7/CREM
https://gedcom.io/terms/v7/OBJE	CROP	https://gedcom.io/terms/v7/CROP
https://gedcom.io/terms/v7/ADDR	CTRY	https://gedcom.io/terms/v7/CTRY
https://gedcom.io/terms/v7/record-SOUR	DATA	https://gedcom.io/terms/v7/DATA
https://gedcom.io/terms/v7/SOUR	DATA	https://gedcom.io/terms/v7/SOUR-DATA
https://gedcom.io/terms/v7/HEAD-SOUR	DATA	https://gedcom.io/terms/v7/HEAD-SOUR-DATA
https://gedcom.io/terms/v7/ADOP	DATE	https://gedcom.io/terms/v7/DATE
https://gedcom.io/terms/v7/ANUL	DATE	https://gedcom.io/terms/v7/DATE
https://gedcom.io/terms/v7/BAPL	DATE	https://gedcom.io/terms/v7/DATE
https://gedcom.io/terms/v7/BAPM	DATE	https://gedcom.io/terms/v7/DATE
https://gedcom.io/terms/v7/BARM	DATE	https://gedcom.io/terms/v7/DATE
https://gedcom.io/terms/v7/BASM	DATE	https://gedcom.io/terms/v7/DATE
https://gedcom.io/terms/v7/BIRT	DATE	https://gedcom.io/terms/v7/DATE
https://gedcom.io/terms/v7/BLES	DATE	https://gedcom.io/terms/v7/DATE
https://gedcom.io/terms/v7/BURI	DATE	https://gedcom.io/terms/v7/DATE
https://gedcom.io/terms/v7/CAST	DATE	https://gedcom.io/terms/v7/DATE
https://gedcom.io/terms/v7/CHR	DATE	https://gedcom.io/terms/v7/DATE
https://gedcom.io/terms/v7/CHRA	DATE	https://gedcom.io/terms/v7/DATE
https://gedcom.io/terms/v7/CONF	DATE	https://gedcom.io/terms/v7/DATE
https://gedcom.io/terms/v7/CONL	DATE	https://gedcom.io/terms/v7/DATE
https://gedcom.io/terms/v7/CREM	DATE	https://gedcom.io/terms/v7/DATE
https://gedcom.io/terms/v7/DEAT	DATE	https://gedcom.io/terms/v7/DATE
https://gedcom.io/terms/v7/DIV	DATE	https://gedcom.io/terms/v7/DATE
https://gedcom.io/terms/v7/DIVF	DATE	https://gedcom.io/terms/v7/DATE
https://gedcom.io/terms/v7/DSCR	DATE	https://gedcom.io/terms/v7/DATE
https://gedcom.io/terms/v7/EDUC	DATE	https://gedcom.io/terms/v7/DATE
https://gedcom.io/terms/v7/EMIG	DATE	https://gedcom.io/terms/v7/DATE
https://gedcom.io/terms/v7/ENDL	DATE	https://gedcom.io/terms/v7/DATE
https://gedcom.io/terms/v7/ENGA	DATE	https://gedcom.io/terms/v7/DATE
https://gedcom.io/terms/v7/FAM-CENS	DATE	https://gedcom.io/terms/v7/DATE
https://gedcom.io/terms/v7/FAM-EVEN	DATE	https://gedcom.io/terms/v7/DATE
https://gedcom.io/terms/v7/FAM-FACT	DATE	https://gedcom.io/terms/v7/DATE
https://gedcom.io/terms/v7/FAM-NCHI	DATE	https://gedcom.io/terms/v7/DATE
https://gedcom.io/terms/v7/FAM-RESI	DATE	https://gedcom.io/terms/v7/DATE
https://gedcom.io/terms/v7/FCOM	DATE	https://gedcom.io/terms/v7/DATE
https://gedcom.io/terms/v7/GRAD	DATE	https://gedcom.io/terms/v7/DATE
https://gedcom.io/terms/v7/IDNO	DATE	https://gedcom.io/terms/v7/DATE
https://gedcom.io/terms/v7/IMMI	DATE	https://gedcom.io/terms/v7/DATE
https://gedcom.io/terms/v7/INDI-CENS	DATE	https://gedcom.io/terms/v7/DATE
https://gedcom.io/terms/v7/INDI-EVEN	DATE	https://gedcom.io/terms/v7/DATE
https://gedcom.io/terms/v7/INDI-FACT	DATE	https://gedcom.io/terms/v7/DATE
https://gedcom.io/terms/v7/INDI-NCHI	DATE	https://gedcom.io/terms/v7/DATE
https://gedcom.io/terms/v7/INDI-RELI	DATE	https://gedcom.io/terms/v7/DATE
https://gedcom.io/terms/v7/INDI-RESI	DATE	https://gedcom.io/terms/v7/DATE
https://gedcom.io/terms/v7/INDI-TITL	DATE	https://gedcom.io/terms/v7/DATE
https://gedcom.io/terms/v7/INIL	DATE	https://gedcom.io/terms/v7/DATE
https://gedcom.io/terms/v7/MARB	DATE	https://gedcom.io/terms/v7/DATE
https://gedcom.io/terms/v7/MARC	DATE	https://gedcom.io/terms/v7/DATE
https://gedcom.io/terms/v7/MARL	DATE	https://gedcom.io/terms/v7/DATE
https://gedcom.io/terms/v7/MARR	DATE	https://gedcom.io/terms/v7/DATE
https://gedcom.io/terms/v7/MARS	DATE	https://gedcom.io/terms/v7/DATE
https://gedcom.io/terms/v7/NATI	DATE	https://gedcom.io/terms/v7/DATE
https://gedcom.io/terms/v7/NATU	DATE	https://gedcom.io/terms/v7/DATE
https://gedcom.io/terms/v7/NMR	DATE	https://gedcom.io/terms/v7/DATE
https://gedcom.io/terms/v7/OCCU	DATE	https://gedcom.io/terms/v7/DATE
https://gedcom.io/terms/v7/ORDN	DATE	https://gedcom.io/terms/v7/DATE
https://gedcom.io/terms/v7/PROB	DATE	https://gedcom.io/terms/v7/DATE
https://gedcom.io/terms/v7/PROP	DATE	https://gedcom.io/terms/v7/DATE
https://gedcom.io/terms/v7/RETI	DATE	https://gedcom.io/terms/v7/DATE
https://gedcom.io/terms/v7/SLGC	DATE	https://gedcom.io/terms/v7/DATE
https://gedcom.io/terms/v7/SLGS	DATE	https://gedcom.io/terms/v7/DATE
https://gedcom.io/terms/v7/SOUR-DATA	DATE	https://gedcom.io/terms/v7/DATE
https://gedcom.io/terms/v7/SSN	DATE	https://gedcom.io/terms/v7/DATE
https://gedcom.io/terms/v7/WILL	DATE	https://gedcom.io/terms/v7/DATE
https://gedcom.io/terms/v7/CHAN	exact	https://gedcom.io/terms/v7/DATE-exact
https://gedcom.io/terms/v7/CREA	exact	https://gedcom.io/terms/v7/DATE-exact
https://gedcom.io/terms/v7/HEAD-SOUR-DATA	exact	https://gedcom.io/terms/v7/DATE-exact
https://gedcom.io/terms/v7/ord-STAT	exact	https://gedcom.io/terms/v7/DATE-exact
HEAD pseudostructure	DATE	https://gedcom.io/terms/v7/HEAD-DATE
https://gedcom.io/terms/v7/NO	DATE	https://gedcom.io/terms/v7/NO-DATE
https://gedcom.io/terms/v7/DATA-EVEN	DATE	https://gedcom.io/terms/v7/DATA-EVEN-DATE
https://gedcom.io/terms/v7/record-INDI	DEAT	https://gedcom.io/terms/v7/DEAT
https://gedcom.io/terms/v7/record-INDI	DESI	https://gedcom.io/terms/v7/DESI
HEAD pseudostructure	DEST	https://gedcom.io/terms/v7/DEST
https://gedcom.io/terms/v7/record-FAM	DIVF	https://gedcom.io/terms/v7/DIVF
https://gedcom.io/terms/v7/record-FAM	DIV	https://gedcom.io/terms/v7/DIV
https://gedcom.io/terms/v7/record-INDI	DSCR	https://gedcom.io/terms/v7/DSCR
https://gedcom.io/terms/v7/record-INDI	EDUC	https://gedcom.io/terms/v7/EDUC
https://gedcom.io/terms/v7/ADOP	EMAIL	https://gedcom.io/terms/v7/EMAIL
https://gedcom.io/terms/v7/ANUL	EMAIL	https://gedcom.io/terms/v7/EMAIL
https://gedcom.io/terms/v7/BAPM	EMAIL	https://gedcom.io/terms/v7/EMAIL
https://gedcom.io/terms/v7/BARM	EMAIL	https://gedcom.io/terms/v7/EMAIL
https://gedcom.io/terms/v7/BASM	EMAIL	https://gedcom.io/terms/v7/EMAIL
https://gedcom.io/terms/v7/BIRT	EMAIL	https://gedcom.io/terms/v7/EMAIL
https://gedcom.io/terms/v7/BLES	EMAIL	https://gedcom.io/terms/v7/EMAIL
https://gedcom.io/terms/v7/BURI	EMAIL	https://gedcom.io/terms/v7/EMAIL
https://gedcom.io/terms/v7/CAST	EMAIL	https://gedcom.io/terms/v7/EMAIL
https://gedcom.io/terms/v7/CHR	EMAIL	https://gedcom.io/terms/v7/EMAIL
https://gedcom.io/terms/v7/CHRA	EMAIL	https://gedcom.io/terms/v7/EMAIL
https://gedcom.io/terms/v7/CONF	EMAIL	https://gedcom.io/terms/v7/EMAIL
https://gedcom.io/terms/v7/CORP	EMAIL	https://gedcom.io/terms/v7/EMAIL
https://gedcom.io/terms/v7/CREM	EMAIL	https://gedcom.io/terms/v7/EMAIL
https://gedcom.io/terms/v7/DEAT	EMAIL	https://gedcom.io/terms/v7/EMAIL
https://gedcom.io/terms/v7/DIV	EMAIL	https://gedcom.io/terms/v7/EMAIL
https://gedcom.io/terms/v7/DIVF	EMAIL	https://gedcom.io/terms/v7/EMAIL
https://gedcom.io/terms/v7/DSCR	EMAIL	https://gedcom.io/terms/v7/EMAIL
https://gedcom.io/terms/v7/EDUC	EMAIL	https://gedcom.io/terms/v7/EMAIL
https://gedcom.io/terms/v7/EMIG	EMAIL	https://gedcom.io/terms/v7/EMAIL
https://gedcom.io/terms/v7/ENGA	EMAIL	https://gedcom.io/terms/v7/EMAIL
https://gedcom.io/terms/v7/FAM-CENS	EMAIL	https://gedcom.io/terms/v7/EMAIL
https://gedcom.io/terms/v7/FAM-EVEN	EMAIL	https://gedcom.io/terms/v7/EMAIL
https://gedcom.io/terms/v7/FAM-FACT	EMAIL	https://gedcom.io/terms/v7/EMAIL
https://gedcom.io/terms/v7/FAM-NCHI	EMAIL	https://gedcom.io/terms/v7/EMAIL
https://gedcom.io/terms/v7/FAM-RESI	EMAIL	https://gedcom.io/terms/v7/EMAIL
https://gedcom.io/terms/v7/FCOM	EMAIL	https://gedcom.io/terms/v7/EMAIL
https://gedcom.io/terms/v7/GRAD	EMAIL	https://gedcom.io/terms/v7/EMAIL
https://gedcom.io/terms/v7/IDNO	EMAIL	https://gedcom.io/terms/v7/EMAIL
https://gedcom.io/terms/v7/IMMI	EMAIL	https://gedcom.io/terms/v7/EMAIL
https://gedcom.io/terms/v7/INDI-CENS	EMAIL	https://gedcom.io/terms/v7/EMAIL
https://gedcom.io/terms/v7/INDI-EVEN	EMAIL	https://gedcom.io/terms/v7/EMAIL
https://gedcom.io/terms/v7/INDI-FACT	EMAIL	https://gedcom.io/terms/v7/EMAIL
https://gedcom.io/terms/v7/INDI-NCHI	EMAIL	https://gedcom.io/terms/v7/EMAIL
https://gedcom.io/terms/v7/INDI-RELI	EMAIL	https://gedcom.io/terms/v7/EMAIL
https://gedcom.io/terms/v7/INDI-RESI	EMAIL	https://gedcom.io/terms/v7/EMAIL
https://gedcom.io/terms/v7/INDI-TITL	EMAIL	https://gedcom.io/terms/v7/EMAIL
https://gedcom.io/terms/v7/MARB	EMAIL	https://gedcom.io/terms/v7/EMAIL
https://gedcom.io/terms/v7/MARC	EMAIL	https://gedcom.io/terms/v7/EMAIL
https://gedcom.io/terms/v7/MARL	EMAIL	https://gedcom.io/terms/v7/EMAIL
https://gedcom.io/terms/v7/MARR	EMAIL	https://gedcom.io/terms/v7/EMAIL
https://gedcom.io/terms/v7/MARS	EMAIL	https://gedcom.io/terms/v7/EMAIL
https://gedcom.io/terms/v7/NATI	EMAIL	https://gedcom.io/terms/v7/EMAIL
https://gedcom.io/terms/v7/NATU	EMAIL	https://gedcom.io/terms/v7/EMAIL
https://gedcom.io/terms/v7/NMR	EMAIL	https://gedcom.io/terms/v7/EMAIL
https://gedcom.io/terms/v7/OCCU	EMAIL	https://gedcom.io/terms/v7/EMAIL
https://gedcom.io/terms/v7/ORDN	EMAIL	https://gedcom.io/terms/v7/EMAIL
https://gedcom.io/terms/v7/PROB	EMAIL	https://gedcom.io/terms/v7/EMAIL
https://gedcom.io/terms/v7/PROP	EMAIL	https://gedcom.io/terms/v7/EMAIL
https://gedcom.io/terms/v7/RETI	EMAIL	https://gedcom.io/terms/v7/EMAIL
https://gedcom.io/terms/v7/SSN	EMAIL	https://gedcom.io/terms/v7/EMAIL
https://gedcom.io/terms/v7/WILL	EMAIL	https://gedcom.io/terms/v7/EMAIL
https://gedcom.io/terms/v7/record-REPO	EMAIL	https://gedcom.io/terms/v7/EMAIL
https://gedcom.io/terms/v7/record-SUBM	EMAIL	https://gedcom.io/terms/v7/EMAIL
https://gedcom.io/terms/v7/record-INDI	EMIG	https://gedcom.io/terms/v7/EMIG
https://gedcom.io/terms/v7/record-INDI	ENDL	https://gedcom.io/terms/v7/ENDL
https://gedcom.io/terms/v7/record-FAM	ENGA	https://gedcom.io/terms/v7/ENGA
https://gedcom.io/terms/v7/record-FAM	EVEN	https://gedcom.io/terms/v7/FAM-EVEN
https://gedcom.io/terms/v7/record-INDI	EVEN	https://gedcom.io/terms/v7/INDI-EVEN
https://gedcom.io/terms/v7/DATA	EVEN	https://gedcom.io/terms/v7/DATA-EVEN
https://gedcom.io/terms/v7/SOUR	EVEN	https://gedcom.io/terms/v7/SOUR-EVEN
https://gedcom.io/terms/v7/PLAC	EXID	https://gedcom.io/terms/v7/EXID
https://gedcom.io/terms/v7/record-FAM	EXID	https://gedcom.io/terms/v7/EXID
https://gedcom.io/terms/v7/record-INDI	EXID	https://gedcom.io/terms/v7/EXID
https://gedcom.io/terms/v7/record-OBJE	EXID	https://gedcom.io/terms/v7/EXID
https://gedcom.io/terms/v7/record-REPO	EXID	https://gedcom.io/terms/v7/EXID
https://gedcom.io/terms/v7/record-SNOTE	EXID	https://gedcom.io/terms/v7/EXID
https://gedcom.io/terms/v7/record-SOUR	EXID	https://gedcom.io/terms/v7/EXID
https://gedcom.io/terms/v7/record-SUBM	EXID	https://gedcom.io/terms/v7/EXID
	FAM	https://gedcom.io/terms/v7/record-FAM
https://gedcom.io/terms/v7/record-FAM	FACT	https://gedcom.io/terms/v7/FAM-FACT
https://gedcom.io/terms/v7/record-INDI	FACT	https://gedcom.io/terms/v7/INDI-FACT
https://gedcom.io/terms/v7/record-INDI	FAMC	https://gedcom.io/terms/v7/INDI-FAMC
https://gedcom.io/terms/v7/BIRT	FAMC	https://gedcom.io/terms/v7/FAMC
https://gedcom.io/terms/v7/CHR	FAMC	https://gedcom.io/terms/v7/FAMC
https://gedcom.io/terms/v7/SLGC	FAMC	https://gedcom.io/terms/v7/FAMC
https://gedcom.io/terms/v7/ADOP	FAMC	https://gedcom.io/terms/v7/ADOP-FAMC
https://gedcom.io/terms/v7/record-INDI	FAMS	https://gedcom.io/terms/v7/FAMS
https://gedcom.io/terms/v7/ADOP	FAX	https://gedcom.io/terms/v7/FAX
https://gedcom.io/terms/v7/ANUL	FAX	https://gedcom.io/terms/v7/FAX
https://gedcom.io/terms/v7/BAPM	FAX	https://gedcom.io/terms/v7/FAX
https://gedcom.io/terms/v7/BARM	FAX	https://gedcom.io/terms/v7/FAX
https://gedcom.io/terms/v7/BASM	FAX	https://gedcom.io/terms/v7/FAX
https://gedcom.io/terms/v7/BIRT	FAX	https://gedcom.io/terms/v7/FAX
https://gedcom.io/terms/v7/BLES	FAX	https://gedcom.io/terms/v7/FAX
https://gedcom.io/terms/v7/BURI	FAX	https://gedcom.io/terms/v7/FAX
https://gedcom.io/terms/v7/CAST	FAX	https://gedcom.io/terms/v7/FAX
https://gedcom.io/terms/v7/CHR	FAX	https://gedcom.io/terms/v7/FAX
https://gedcom.io/terms/v7/CHRA	FAX	https://gedcom.io/terms/v7/FAX
https://gedcom.io/terms/v7/CONF	FAX	https://gedcom.io/terms/v7/FAX
https://gedcom.io/terms/v7/CORP	FAX	https://gedcom.io/terms/v7/FAX
https://gedcom.io/terms/v7/CREM	FAX	https://gedcom.io/terms/v7/FAX
https://gedcom.io/terms/v7/DEAT	FAX	https://gedcom.io/terms/v7/FAX
https://gedcom.io/terms/v7/DIV	FAX	https://gedcom.io/terms/v7/FAX
https://gedcom.io/terms/v7/DIVF	FAX	https://gedcom.io/terms/v7/FAX
https://gedcom.io/terms/v7/DSCR	FAX	https://gedcom.io/terms/v7/FAX
https://gedcom.io/terms/v7/EDUC	FAX	https://gedcom.io/terms/v7/FAX
https://gedcom.io/terms/v7/EMIG	FAX	https://gedcom.io/terms/v7/FAX
https://gedcom.io/terms/v7/ENGA	FAX	https://gedcom.io/terms/v7/FAX
https://gedcom.io/terms/v7/FAM-CENS	FAX	https://gedcom.io/terms/v7/FAX
https://gedcom.io/terms/v7/FAM-EVEN	FAX	https://gedcom.io/terms/v7/FAX
https://gedcom.io/terms/v7/FAM-FACT	FAX	https://gedcom.io/terms/v7/FAX
https://gedcom.io/terms/v7/FAM-NCHI	FAX	https://gedcom.io/terms/v7/FAX
https://gedcom.io/terms/v7/FAM-RESI	FAX	https://gedcom.io/terms/v7/FAX
https://gedcom.io/terms/v7/FCOM	FAX	https://gedcom.io/terms/v7/FAX
https://gedcom.io/terms/v7/GRAD	FAX	https://gedcom.io/terms/v7/FAX
https://gedcom.io/terms/v7/IDNO	FAX	https://gedcom.io/terms/v7/FAX
https://gedcom.io/terms/v7/IMMI	FAX	https://gedcom.io/terms/v7/FAX
https://gedcom.io/terms/v7/INDI-CENS	FAX	https://gedcom.io/terms/v7/FAX
https://gedcom.io/terms/v7/INDI-EVEN	FAX	https://gedcom.io/terms/v7/FAX
https://gedcom.io/terms/v7/INDI-FACT	FAX	https://gedcom.io/terms/v7/FAX
https://gedcom.io/terms/v7/INDI-NCHI	FAX	https://gedcom.io/terms/v7/FAX
https://gedcom.io/terms/v7/INDI-RELI	FAX	https://gedcom.io/terms/v7/FAX
https://gedcom.io/terms/v7/INDI-RESI	FAX	https://gedcom.io/terms/v7/FAX
https://gedcom.io/terms/v7/INDI-TITL	FAX	https://gedcom.io/terms/v7/FAX
https://gedcom.io/terms/v7/MARB	FAX	https://gedcom.io/terms/v7/FAX
https://gedcom.io/terms/v7/MARC	FAX	https://gedcom.io/terms/v7/FAX
https://gedcom.io/terms/v7/MARL	FAX	https://gedcom.io/terms/v7/FAX
https://gedcom.io/terms/v7/MARR	FAX	https://gedcom.io/terms/v7/FAX
https://gedcom.io/terms/v7/MARS	FAX	https://gedcom.io/terms/v7/FAX
https://gedcom.io/terms/v7/NATI	FAX	https://gedcom.io/terms/v7/FAX
https://gedcom.io/terms/v7/NATU	FAX	https://gedcom.io/terms/v7/FAX
https://gedcom.io/terms/v7/NMR	FAX	https://gedcom.io/terms/v7/FAX
https://gedcom.io/terms/v7/OCCU	FAX	https://gedcom.io/terms/v7/FAX
https://gedcom.io/terms/v7/ORDN	FAX	https://gedcom.io/terms/v7/FAX
https://gedcom.io/terms/v7/PROB	FAX	https://gedcom.io/terms/v7/FAX
https://gedcom.io/terms/v7/PROP	FAX	https://gedcom.io/terms/v7/FAX
https://gedcom.io/terms/v7/RETI	FAX	https://gedcom.io/terms/v7/FAX
https://gedcom.io/terms/v7/SSN	FAX	https://gedcom.io/terms/v7/FAX
https://gedcom.io/terms/v7/WILL	FAX	https://gedcom.io/terms/v7/FAX
https://gedcom.io/terms/v7/record-REPO	FAX	https://gedcom.io/terms/v7/FAX
https://gedcom.io/terms/v7/record-SUBM	FAX	https://gedcom.io/terms/v7/FAX
https://gedcom.io/terms/v7/record-INDI	FCOM	https://gedcom.io/terms/v7/FCOM
https://gedcom.io/terms/v7/record-OBJE	FILE	https://gedcom.io/terms/v7/FILE
https://gedcom.io/terms/v7/FILE	FORM	https://gedcom.io/terms/v7/FORM
https://gedcom.io/terms/v7/FILE-TRAN	FORM	https://gedcom.io/terms/v7/FORM
https://gedcom.io/terms/v7/PLAC	FORM	https://gedcom.io/terms/v7/PLAC-FORM
https://gedcom.io/terms/v7/HEAD-PLAC	FORM	https://gedcom.io/terms/v7/HEAD-PLAC-FORM
HEAD pseudostructure	GEDC	https://gedcom.io/terms/v7/GEDC
https://gedcom.io/terms/v7/INDI-NAME	GIVN	https://gedcom.io/terms/v7/GIVN
https://gedcom.io/terms/v7/NAME-TRAN	GIVN	https://gedcom.io/terms/v7/GIVN
https://gedcom.io/terms/v7/record-INDI	GRAD	https://gedcom.io/terms/v7/GRAD
https://gedcom.io/terms/v7/CROP	HEIGHT	https://gedcom.io/terms/v7/HEIGHT
https://gedcom.io/terms/v7/ANUL	HUSB	https://gedcom.io/terms/v7/HUSB
https://gedcom.io/terms/v7/DIV	HUSB	https://gedcom.io/terms/v7/HUSB
https://gedcom.io/terms/v7/DIVF	HUSB	https://gedcom.io/terms/v7/HUSB
https://gedcom.io/terms/v7/ENGA	HUSB	https://gedcom.io/terms/v7/HUSB
https://gedcom.io/terms/v7/FAM-CENS	HUSB	https://gedcom.io/terms/v7/HUSB
https://gedcom.io/terms/v7/FAM-EVEN	HUSB	https://gedcom.io/terms/v7/HUSB
https://gedcom.io/terms/v7/FAM-FACT	HUSB	https://gedcom.io/terms/v7/HUSB
https://gedcom.io/terms/v7/FAM-NCHI	HUSB	https://gedcom.io/terms/v7/HUSB
https://gedcom.io/terms/v7/FAM-RESI	HUSB	https://gedcom.io/terms/v7/HUSB
https://gedcom.io/terms/v7/MARB	HUSB	https://gedcom.io/terms/v7/HUSB
https://gedcom.io/terms/v7/MARC	HUSB	https://gedcom.io/terms/v7/HUSB
https://gedcom.io/terms/v7/MARL	HUSB	https://gedcom.io/terms/v7/HUSB
https://gedcom.io/terms/v7/MARR	HUSB	https://gedcom.io/terms/v7/HUSB
https://gedcom.io/terms/v7/MARS	HUSB	https://gedcom.io/terms/v7/HUSB
https://gedcom.io/terms/v7/record-FAM	HUSB	https://gedcom.io/terms/v7/FAM-HUSB
https://gedcom.io/terms/v7/record-INDI	IDNO	https://gedcom.io/terms/v7/IDNO
https://gedcom.io/terms/v7/record-INDI	IMMI	https://gedcom.io/terms/v7/IMMI
	INDI	https://gedcom.io/terms/v7/record-INDI
https://gedcom.io/terms/v7/record-INDI	INIL	https://gedcom.io/terms/v7/INIL
https://gedcom.io/terms/v7/NAME-TRAN	LANG	https://gedcom.io/terms/v7/LANG
https://gedcom.io/terms/v7/NOTE	LANG	https://gedcom.io/terms/v7/LANG
https://gedcom.io/terms/v7/NOTE-TRAN	LANG	https://gedcom.io/terms/v7/LANG
https://gedcom.io/terms/v7/PLAC	LANG	https://gedcom.io/terms/v7/LANG
https://gedcom.io/terms/v7/PLAC-TRAN	LANG	https://gedcom.io/terms/v7/LANG
https://gedcom.io/terms/v7/TEXT	LANG	https://gedcom.io/terms/v7/LANG
https://gedcom.io/terms/v7/record-SNOTE	LANG	https://gedcom.io/terms/v7/LANG
HEAD pseudostructure	LANG	https://gedcom.io/terms/v7/HEAD-LANG
https://gedcom.io/terms/v7/record-SUBM	LANG	https://gedcom.io/terms/v7/SUBM-LANG
https://gedcom.io/terms/v7/MAP	LATI	https://gedcom.io/terms/v7/LATI
https://gedcom.io/terms/v7/CROP	LEFT	https://gedcom.io/terms/v7/LEFT
https://gedcom.io/terms/v7/MAP	LONG	https://gedcom.io/terms/v7/LONG
https://gedcom.io/terms/v7/PLAC	MAP	https://gedcom.io/terms/v7/MAP
https://gedcom.io/terms/v7/record-FAM	MARB	https://gedcom.io/terms/v7/MARB
https://gedcom.io/terms/v7/record-FAM	MARC	https://gedcom.io/terms/v7/MARC
https://gedcom.io/terms/v7/record-FAM	MARL	https://gedcom.io/terms/v7/MARL
https://gedcom.io/terms/v7/record-FAM	MARR	https://gedcom.io/terms/v7/MARR
https://gedcom.io/terms/v7/record-FAM	MARS	https://gedcom.io/terms/v7/MARS
https://gedcom.io/terms/v7/CALN	MEDI	https://gedcom.io/terms/v7/MEDI
https://gedcom.io/terms/v7/FORM	MEDI	https://gedcom.io/terms/v7/MEDI
https://gedcom.io/terms/v7/NOTE	MIME	https://gedcom.io/terms/v7/MIME
https://gedcom.io/terms/v7/NOTE-TRAN	MIME	https://gedcom.io/terms/v7/MIME
https://gedcom.io/terms/v7/TEXT	MIME	https://gedcom.io/terms/v7/MIME
https://gedcom.io/terms/v7/record-SNOTE	MIME	https://gedcom.io/terms/v7/MIME
https://gedcom.io/terms/v7/HEAD-SOUR	NAME	https://gedcom.io/terms/v7/NAME
https://gedcom.io/terms/v7/record-REPO	NAME	https://gedcom.io/terms/v7/NAME
https://gedcom.io/terms/v7/record-SUBM	NAME	https://gedcom.io/terms/v7/NAME
https://gedcom.io/terms/v7/record-INDI	NAME	https://gedcom.io/terms/v7/INDI-NAME
https://gedcom.io/terms/v7/record-INDI	NATI	https://gedcom.io/terms/v7/NATI
https://gedcom.io/terms/v7/record-INDI	NATU	https://gedcom.io/terms/v7/NATU
https://gedcom.io/terms/v7/record-FAM	NCHI	https://gedcom.io/terms/v7/FAM-NCHI
https://gedcom.io/terms/v7/record-INDI	NCHI	https://gedcom.io/terms/v7/INDI-NCHI
https://gedcom.io/terms/v7/INDI-NAME	NICK	https://gedcom.io/terms/v7/NICK
https://gedcom.io/terms/v7/NAME-TRAN	NICK	https://gedcom.io/terms/v7/NICK
https://gedcom.io/terms/v7/record-INDI	NMR	https://gedcom.io/terms/v7/NMR
https://gedcom.io/terms/v7/record-FAM	NO	https://gedcom.io/terms/v7/NO
https://gedcom.io/terms/v7/record-INDI	NO	https://gedcom.io/terms/v7/NO
HEAD pseudostructure	NOTE	https://gedcom.io/terms/v7/NOTE
https://gedcom.io/terms/v7/ADOP	NOTE	https://gedcom.io/terms/v7/NOTE
https://gedcom.io/terms/v7/ANUL	NOTE	https://gedcom.io/terms/v7/NOTE
https://gedcom.io/terms/v7/ASSO	NOTE	https://gedcom.io/terms/v7/NOTE
https://gedcom.io/terms/v7/BAPL	NOTE	https://gedcom.io/terms/v7/NOTE
https://gedcom.io/terms/v7/BAPM	NOTE	https://gedcom.io/terms/v7/NOTE
https://gedcom.io/terms/v7/BARM	NOTE	https://gedcom.io/terms/v7/NOTE
https://gedcom.io/terms/v7/BASM	NOTE	https://gedcom.io/terms/v7/NOTE
https://gedcom.io/terms/v7/BIRT	NOTE	https://gedcom.io/terms/v7/NOTE
https://gedcom.io/terms/v7/BLES	NOTE	https://gedcom.io/terms/v7/NOTE
https://gedcom.io/terms/v7/BURI	NOTE	https://gedcom.io/terms/v7/NOTE
https://gedcom.io/terms/v7/CAST	NOTE	https://gedcom.io/terms/v7/NOTE
https://gedcom.io/terms/v7/CHAN	NOTE	https://gedcom.io/terms/v7/NOTE
https://gedcom.io/terms/v7/CHR	NOTE	https://gedcom.io/terms/v7/NOTE
https://gedcom.io/terms/v7/CHRA	NOTE	https://gedcom.io/terms/v7/NOTE
https://gedcom.io/terms/v7/CONF	NOTE	https://gedcom.io/terms/v7/NOTE
https://gedcom.io/terms/v7/CONL	NOTE	https://gedcom.io/terms/v7/NOTE
https://gedcom.io/terms/v7/CREM	NOTE	https://gedcom.io/terms/v7/NOTE
https://gedcom.io/terms/v7/DATA	NOTE	https://gedcom.io/terms/v7/NOTE
https://gedcom.io/terms/v7/DEAT	NOTE	https://gedcom.io/terms/v7/NOTE
https://gedcom.io/terms/v7/DIV	NOTE	https://gedcom.io/terms/v7/NOTE
https://gedcom.io/terms/v7/DIVF	NOTE	https://gedcom.io/terms/v7/NOTE
https://gedcom.io/terms/v7/DSCR	NOTE	https://gedcom.io/terms/v7/NOTE
https://gedcom.io/terms/v7/EDUC	NOTE	https://gedcom.io/terms/v7/NOTE
https://gedcom.io/terms/v7/EMIG	NOTE	https://gedcom.io/terms/v7/NOTE
https://gedcom.io/terms/v7/ENDL	NOTE	https://gedcom.io/terms/v7/NOTE
https://gedcom.io/terms/v7/ENGA	NOTE	https://gedcom.io/terms/v7/NOTE
https://gedcom.io/terms/v7/FAM-CENS	NOTE	https://gedcom.io/terms/v7/NOTE
https://gedcom.io/terms/v7/FAM-EVEN	NOTE	https://gedcom.io/terms/v7/NOTE
https://gedcom.io/terms/v7/FAM-FACT	NOTE	https://gedcom.io/terms/v7/NOTE
https://gedcom.io/terms/v7/FAM-NCHI	NOTE	https://gedcom.io/terms/v7/NOTE
https://gedcom.io/terms/v7/FAM-RESI	NOTE	https://gedcom.io/terms/v7/NOTE
https://gedcom.io/terms/v7/FAMS	NOTE	https://gedcom.io/terms/v7/NOTE
https://gedcom.io/terms/v7/FCOM	NOTE	https://gedcom.io/terms/v7/NOTE
https://gedcom.io/terms/v7/GRAD	NOTE	https://gedcom.io/terms/v7/NOTE
https://gedcom.io/terms/v7/IDNO	NOTE	https://gedcom.io/terms/v7/NOTE
https://gedcom.io/terms/v7/IMMI	NOTE	https://gedcom.io/terms/v7/NOTE
https://gedcom.io/terms/v7/INDI-CENS	NOTE	https://gedcom.io/terms/v7/NOTE
https://gedcom.io/terms/v7/INDI-EVEN	NOTE	https://gedcom.io/terms/v7/NOTE
https://gedcom.io/terms/v7/INDI-FACT	NOTE	https://gedcom.io/terms/v7/NOTE
https://gedcom.io/terms/v7/INDI-FAMC	NOTE	https://gedcom.io/terms/v7/NOTE
https://gedcom.io/terms/v7/INDI-NAME	NOTE	https://gedcom.io/terms/v7/NOTE
https://gedcom.io/terms/v7/INDI-NCHI	NOTE	https://gedcom.io/terms/v7/NOTE
https://gedcom.io/terms/v7/INDI-RELI	NOTE	https://gedcom.io/terms/v7/NOTE
https://gedcom.io/terms/v7/INDI-RESI	NOTE	https://gedcom.io/terms/v7/NOTE
https://gedcom.io/terms/v7/INDI-TITL	NOTE	https://gedcom.io/terms/v7/NOTE
https://gedcom.io/terms/v7/INIL	NOTE	https://gedcom.io/terms/v7/NOTE
https://gedcom.io/terms/v7/MARB	NOTE	https://gedcom.io/terms/v7/NOTE
https://gedcom.io/terms/v7/MARC	NOTE	https://gedcom.io/terms/v7/NOTE
https://gedcom.io/terms/v7/MARL	NOTE	https://gedcom.io/terms/v7/NOTE
https://gedcom.io/terms/v7/MARR	NOTE	https://gedcom.io/terms/v7/NOTE
https://gedcom.io/terms/v7/MARS	NOTE	https://gedcom.io/terms/v7/NOTE
https://gedcom.io/terms/v7/NATI	NOTE	https://gedcom.io/terms/v7/NOTE
https://gedcom.io/terms/v7/NATU	NOTE	https://gedcom.io/terms/v7/NOTE
https://gedcom.io/terms/v7/NMR	NOTE	https://gedcom.io/terms/v7/NOTE
https://gedcom.io/terms/v7/NO	NOTE	https://gedcom.io/terms/v7/NOTE
https://gedcom.io/terms/v7/OCCU	NOTE	https://gedcom.io/terms/v7/NOTE
https://gedcom.io/terms/v7/ORDN	NOTE	https://gedcom.io/terms/v7/NOTE
https://gedcom.io/terms/v7/PLAC	NOTE	https://gedcom.io/terms/v7/NOTE
https://gedcom.io/terms/v7/PROB	NOTE	https://gedcom.io/terms/v7/NOTE
https://gedcom.io/terms/v7/PROP	NOTE	https://gedcom.io/terms/v7/NOTE
https://gedcom.io/terms/v7/REPO	NOTE	https://gedcom.io/terms/v7/NOTE
https://gedcom.io/terms/v7/RETI	NOTE	https://gedcom.io/terms/v7/NOTE
https://gedcom.io/terms/v7/SLGC	NOTE	https://gedcom.io/terms/v7/NOTE
https://gedcom.io/terms/v7/SLGS	NOTE	https://gedcom.io/terms/v7/NOTE
https://gedcom.io/terms/v7/SOUR	NOTE	https://gedcom.io/terms/v7/NOTE
https://gedcom.io/terms/v7/SSN	NOTE	https://gedcom.io/terms/v7/NOTE
https://gedcom.io/terms/v7/WILL	NOTE	https://gedcom.io/terms/v7/NOTE
https://gedcom.io/terms/v7/record-FAM	NOTE	https://gedcom.io/terms/v7/NOTE
https://gedcom.io/terms/v7/record-INDI	NOTE	https://gedcom.io/terms/v7/NOTE
https://gedcom.io/terms/v7/record-OBJE	NOTE	https://gedcom.io/terms/v7/NOTE
https://gedcom.io/terms/v7/record-REPO	NOTE	https://gedcom.io/terms/v7/NOTE
https://gedcom.io/terms/v7/record-SOUR	NOTE	https://gedcom.io/terms/v7/NOTE
https://gedcom.io/terms/v7/record-SUBM	NOTE	https://gedcom.io/terms/v7/NOTE
https://gedcom.io/terms/v7/INDI-NAME	NPFX	https://gedcom.io/terms/v7/NPFX
https://gedcom.io/terms/v7/NAME-TRAN	NPFX	https://gedcom.io/terms/v7/NPFX
https://gedcom.io/terms/v7/INDI-NAME	NSFX	https://gedcom.io/terms/v7/NSFX
https://gedcom.io/terms/v7/NAME-TRAN	NSFX	https://gedcom.io/terms/v7/NSFX
https://gedcom.io/terms/v7/ADOP	OBJE	https://gedcom.io/terms/v7/OBJE
https://gedcom.io/terms/v7/ANUL	OBJE	https://gedcom.io/terms/v7/OBJE
https://gedcom.io/terms/v7/BAPM	OBJE	https://gedcom.io/terms/v7/OBJE
https://gedcom.io/terms/v7/BARM	OBJE	https://gedcom.io/terms/v7/OBJE
https://gedcom.io/terms/v7/BASM	OBJE	https://gedcom.io/terms/v7/OBJE
https://gedcom.io/terms/v7/BIRT	OBJE	https://gedcom.io/terms/v7/OBJE
https://gedcom.io/terms/v7/BLES	OBJE	https://gedcom.io/terms/v7/OBJE
https://gedcom.io/terms/v7/BURI	OBJE	https://gedcom.io/terms/v7/OBJE
https://gedcom.io/terms/v7/CAST	OBJE	https://gedcom.io/terms/v7/OBJE
https://gedcom.io/terms/v7/CHR	OBJE	https://gedcom.io/terms/v7/OBJE
https://gedcom.io/terms/v7/CHRA	OBJE	https://gedcom.io/terms/v7/OBJE
https://gedcom.io/terms/v7/CONF	OBJE	https://gedcom.io/terms/v7/OBJE
https://gedcom.io/terms/v7/CREM	OBJE	https://gedcom.io/terms/v7/OBJE
https://gedcom.io/terms/v7/DEAT	OBJE	https://gedcom.io/terms/v7/OBJE
https://gedcom.io/terms/v7/DIV	OBJE	https://gedcom.io/terms/v7/OBJE
https://gedcom.io/terms/v7/DIVF	OBJE	https://gedcom.io/terms/v7/OBJE
https://gedcom.io/terms/v7/DSCR	OBJE	https://gedcom.io/terms/v7/OBJE
https://gedcom.io/terms/v7/EDUC	OBJE	https://gedcom.io/terms/v7/OBJE
https://gedcom.io/terms/v7/EMIG	OBJE	https://gedcom.io/terms/v7/OBJE
https://gedcom.io/terms/v7/ENGA	OBJE	https://gedcom.io/terms/v7/OBJE
https://gedcom.io/terms/v7/FAM-CENS	OBJE	https://gedcom.io/terms/v7/OBJE
https://gedcom.io/terms/v7/FAM-EVEN	OBJE	https://gedcom.io/terms/v7/OBJE
https://gedcom.io/terms/v7/FAM-FACT	OBJE	https://gedcom.io/terms/v7/OBJE
https://gedcom.io/terms/v7/FAM-NCHI	OBJE	https://gedcom.io/terms/v7/OBJE
https://gedcom.io/terms/v7/FAM-RESI	OBJE	https://gedcom.io/terms/v7/OBJE
https://gedcom.io/terms/v7/FCOM	OBJE	https://gedcom.io/terms/v7/OBJE
https://gedcom.io/terms/v7/GRAD	OBJE	https://gedcom.io/terms/v7/OBJE
https://gedcom.io/terms/v7/IDNO	OBJE	https://gedcom.io/terms/v7/OBJE
https://gedcom.io/terms/v7/IMMI	OBJE	https://gedcom.io/terms/v7/OBJE
https://gedcom.io/terms/v7/INDI-CENS	OBJE	https://gedcom.io/terms/v7/OBJE
https://gedcom.io/terms/v7/INDI-EVEN	OBJE	https://gedcom.io/terms/v7/OBJE
https://gedcom.io/terms/v7/INDI-FACT	OBJE	https://gedcom.io/terms/v7/OBJE
https://gedcom.io/terms/v7/INDI-NCHI	OBJE	https://gedcom.io/terms/v7/OBJE
https://gedcom.io/terms/v7/INDI-RELI	OBJE	https://gedcom.io/terms/v7/OBJE
https://gedcom.io/terms/v7/INDI-RESI	OBJE	https://gedcom.io/terms/v7/OBJE
https://gedcom.io/terms/v7/INDI-TITL	OBJE	https://gedcom.io/terms/v7/OBJE
https://gedcom.io/terms/v7/MARB	OBJE	https://gedcom.io/terms/v7/OBJE
https://gedcom.io/terms/v7/MARC	OBJE	https://gedcom.io/terms/v7/OBJE
https://gedcom.io/terms/v7/MARL	OBJE	https://gedcom.io/terms/v7/OBJE
https://gedcom.io/terms/v7/MARR	OBJE	https://gedcom.io/terms/v7/OBJE
https://gedcom.io/terms/v7/MARS	OBJE	https://gedcom.io/terms/v7/OBJE
https://gedcom.io/terms/v7/NATI	OBJE	https://gedcom.io/terms/v7/OBJE
https://gedcom.io/terms/v7/NATU	OBJE	https://gedcom.io/terms/v7/OBJE
https://gedcom.io/terms/v7/NMR	OBJE	https://gedcom.io/terms/v7/OBJE
https://gedcom.io/terms/v7/OCCU	OBJE	https://gedcom.io/terms/v7/OBJE
https://gedcom.io/terms/v7/ORDN	OBJE	https://gedcom.io/terms/v7/OBJE
https://gedcom.io/terms/v7/PROB	OBJE	https://gedcom.io/terms/v7/OBJE
https://gedcom.io/terms/v7/PROP	OBJE	https://gedcom.io/terms/v7/OBJE
https://gedcom.io/terms/v7/RETI	OBJE	https://gedcom.io/terms/v7/OBJE
https://gedcom.io/terms/v7/SOUR	OBJE	https://gedcom.io/terms/v7/OBJE
https://gedcom.io/terms/v7/SSN	OBJE	https://gedcom.io/terms/v7/OBJE
https://gedcom.io/terms/v7/WILL	OBJE	https://gedcom.io/terms/v7/OBJE
https://gedcom.io/terms/v7/record-FAM	OBJE	https://gedcom.io/terms/v7/OBJE
https://gedcom.io/terms/v7/record-INDI	OBJE	https://gedcom.io/terms/v7/OBJE
https://gedcom.io/terms/v7/record-SOUR	OBJE	https://gedcom.io/terms/v7/OBJE
https://gedcom.io/terms/v7/record-SUBM	OBJE	https://gedcom.io/terms/v7/OBJE
	OBJE	https://gedcom.io/terms/v7/record-OBJE
https://gedcom.io/terms/v7/record-INDI	OCCU	https://gedcom.io/terms/v7/OCCU
https://gedcom.io/terms/v7/record-INDI	ORDN	https://gedcom.io/terms/v7/ORDN
https://gedcom.io/terms/v7/SOUR	PAGE	https://gedcom.io/terms/v7/PAGE
https://gedcom.io/terms/v7/INDI-FAMC	PEDI	https://gedcom.io/terms/v7/PEDI
https://gedcom.io/terms/v7/ADOP	PHON	https://gedcom.io/terms/v7/PHON
https://gedcom.io/terms/v7/ANUL	PHON	https://gedcom.io/terms/v7/PHON
https://gedcom.io/terms/v7/BAPM	PHON	https://gedcom.io/terms/v7/PHON
https://gedcom.io/terms/v7/BARM	PHON	https://gedcom.io/terms/v7/PHON
https://gedcom.io/terms/v7/BASM	PHON	https://gedcom.io/terms/v7/PHON
https://gedcom.io/terms/v7/BIRT	PHON	https://gedcom.io/terms/v7/PHON
https://gedcom.io/terms/v7/BLES	PHON	https://gedcom.io/terms/v7/PHON
https://gedcom.io/terms/v7/BURI	PHON	https://gedcom.io/terms/v7/PHON
https://gedcom.io/terms/v7/CAST	PHON	https://gedcom.io/terms/v7/PHON
https://gedcom.io/terms/v7/CHR	PHON	https://gedcom.io/terms/v7/PHON
https://gedcom.io/terms/v7/CHRA	PHON	https://gedcom.io/terms/v7/PHON
https://gedcom.io/terms/v7/CONF	PHON	https://gedcom.io/terms/v7/PHON
https://gedcom.io/terms/v7/CORP	PHON	https://gedcom.io/terms/v7/PHON
https://gedcom.io/terms/v7/CREM	PHON	https://gedcom.io/terms/v7/PHON
https://gedcom.io/terms/v7/DEAT	PHON	https://gedcom.io/terms/v7/PHON
https://gedcom.io/terms/v7/DIV	PHON	https://gedcom.io/terms/v7/PHON
https://gedcom.io/terms/v7/DIVF	PHON	https://gedcom.io/terms/v7/PHON
https://gedcom.io/terms/v7/DSCR	PHON	https://gedcom.io/terms/v7/PHON
https://gedcom.io/terms/v7/EDUC	PHON	https://gedcom.io/terms/v7/PHON
https://gedcom.io/terms/v7/EMIG	PHON	https://gedcom.io/terms/v7/PHON
https://gedcom.io/terms/v7/ENGA	PHON	https://gedcom.io/terms/v7/PHON
https://gedcom.io/terms/v7/FAM-CENS	PHON	https://gedcom.io/terms/v7/PHON
https://gedcom.io/terms/v7/FAM-EVEN	PHON	https://gedcom.io/terms/v7/PHON
https://gedcom.io/terms/v7/FAM-FACT	PHON	https://gedcom.io/terms/v7/PHON
https://gedcom.io/terms/v7/FAM-NCHI	PHON	https://gedcom.io/terms/v7/PHON
https://gedcom.io/terms/v7/FAM-RESI	PHON	https://gedcom.io/terms/v7/PHON
https://gedcom.io/terms/v7/FCOM	PHON	https://gedcom.io/terms/v7/PHON
https://gedcom.io/terms/v7/GRAD	PHON	https://gedcom.io/terms/v7/PHON
https://gedcom.io/terms/v7/IDNO	PHON	https://gedcom.io/terms/v7/PHON
https://gedcom.io/terms/v7/IMMI	PHON	https://gedcom.io/terms/v7/PHON
https://gedcom.io/terms/v7/INDI-CENS	PHON	https://gedcom.io/terms/v7/PHON
https://gedcom.io/terms/v7/INDI-EVEN	PHON	https://gedcom.io/terms/v7/PHON
https://gedcom.io/terms/v7/INDI-FACT	PHON	https://gedcom.io/terms/v7/PHON
https://gedcom.io/terms/v7/INDI-NCHI	PHON	https://gedcom.io/terms/v7/PHON
https://gedcom.io/terms/v7/INDI-RELI	PHON	https://gedcom.io/terms/v7/PHON
https://gedcom.io/terms/v7/INDI-RESI	PHON	https://gedcom.io/terms/v7/PHON
https://gedcom.io/terms/v7/INDI-TITL	PHON	https://gedcom.io/terms/v7/PHON
https://gedcom.io/terms/v7/MARB	PHON	https://gedcom.io/terms/v7/PHON
https://gedcom.io/terms/v7/MARC	PHON	https://gedcom.io/terms/v7/PHON
https://gedcom.io/terms/v7/MARL	PHON	https://gedcom.io/terms/v7/PHON
https://gedcom.io/terms/v7/MARR	PHON	https://gedcom.io/terms/v7/PHON
https://gedcom.io/terms/v7/MARS	PHON	https://gedcom.io/terms/v7/PHON
https://gedcom.io/terms/v7/NATI	PHON	https://gedcom.io/terms/v7/PHON
https://gedcom.io/terms/v7/NATU	PHON	https://gedcom.io/terms/v7/PHON
https://gedcom.io/terms/v7/NMR	PHON	https://gedcom.io/terms/v7/PHON
https://gedcom.io/terms/v7/OCCU	PHON	https://gedcom.io/terms/v7/PHON
https://gedcom.io/terms/v7/ORDN	PHON	https://gedcom.io/terms/v7/PHON
https://gedcom.io/terms/v7/PROB	PHON	https://gedcom.io/terms/v7/PHON
https://gedcom.io/terms/v7/PROP	PHON	https://gedcom.io/terms/v7/PHON
https://gedcom.io/terms/v7/RETI	PHON	https://gedcom.io/terms/v7/PHON
https://gedcom.io/terms/v7/SSN	PHON	https://gedcom.io/terms/v7/PHON
https://gedcom.io/terms/v7/WILL	PHON	https://gedcom.io/terms/v7/PHON
https://gedcom.io/terms/v7/record-REPO	PHON	https://gedcom.io/terms/v7/PHON
https://gedcom.io/terms/v7/record-SUBM	PHON	https://gedcom.io/terms/v7/PHON
https://gedcom.io/terms/v7/AGE	PHRASE	https://gedcom.io/terms/v7/PHRASE
https://gedcom.io/terms/v7/ALIA	PHRASE	https://gedcom.io/terms/v7/PHRASE
https://gedcom.io/terms/v7/ASSO	PHRASE	https://gedcom.io/terms/v7/PHRASE
https://gedcom.io/terms/v7/CHIL	PHRASE	https://gedcom.io/terms/v7/PHRASE
https://gedcom.io/terms/v7/DATA-EVEN-DATE	PHRASE	https://gedcom.io/terms/v7/PHRASE
https://gedcom.io/terms/v7/DATE	PHRASE	https://gedcom.io/terms/v7/PHRASE
https://gedcom.io/terms/v7/FAM-HUSB	PHRASE	https://gedcom.io/terms/v7/PHRASE
https://gedcom.io/terms/v7/FAM-WIFE	PHRASE	https://gedcom.io/terms/v7/PHRASE
https://gedcom.io/terms/v7/FAMC-ADOP	PHRASE	https://gedcom.io/terms/v7/PHRASE
https://gedcom.io/terms/v7/FAMC-STAT	PHRASE	https://gedcom.io/terms/v7/PHRASE
https://gedcom.io/terms/v7/MEDI	PHRASE	https://gedcom.io/terms/v7/PHRASE
https://gedcom.io/terms/v7/NAME-TYPE	PHRASE	https://gedcom.io/terms/v7/PHRASE
https://gedcom.io/terms/v7/NO-DATE	PHRASE	https://gedcom.io/terms/v7/PHRASE
https://gedcom.io/terms/v7/PEDI	PHRASE	https://gedcom.io/terms/v7/PHRASE
https://gedcom.io/terms/v7/ROLE	PHRASE	https://gedcom.io/terms/v7/PHRASE
https://gedcom.io/terms/v7/SDATE	PHRASE	https://gedcom.io/terms/v7/PHRASE
https://gedcom.io/terms/v7/SOUR-EVEN	PHRASE	https://gedcom.io/terms/v7/PHRASE
https://gedcom.io/terms/v7/ADOP	PLAC	https://gedcom.io/terms/v7/PLAC
https://gedcom.io/terms/v7/ANUL	PLAC	https://gedcom.io/terms/v7/PLAC
https://gedcom.io/terms/v7/BAPL	PLAC	https://gedcom.io/terms/v7/PLAC
https://gedcom.io/terms/v7/BAPM	PLAC	https://gedcom.io/terms/v7/PLAC
https://gedcom.io/terms/v7/BARM	PLAC	https://gedcom.io/terms/v7/PLAC
https://gedcom.io/terms/v7/BASM	PLAC	https://gedcom.io/terms/v7/PLAC
https://gedcom.io/terms/v7/BIRT	PLAC	https://gedcom.io/terms/v7/PLAC
https://gedcom.io/terms/v7/BLES	PLAC	https://gedcom.io/terms/v7/PLAC
https://gedcom.io/terms/v7/BURI	PLAC	https://gedcom.io/terms/v7/PLAC
https://gedcom.io/terms/v7/CAST	PLAC	https://gedcom.io/terms/v7/PLAC
https://gedcom.io/terms/v7/CHR	PLAC	https://gedcom.io/terms/v7/PLAC
https://gedcom.io/terms/v7/CHRA	PLAC	https://gedcom.io/terms/v7/PLAC
https://gedcom.io/terms/v7/CONF	PLAC	https://gedcom.io/terms/v7/PLAC
https://gedcom.io/terms/v7/CONL	PLAC	https://gedcom.io/terms/v7/PLAC
https://gedcom.io/terms/v7/CREM	PLAC	https://gedcom.io/terms/v7/PLAC
https://gedcom.io/terms/v7/DATA-EVEN	PLAC	https://gedcom.io/terms/v7/PLAC
https://gedcom.io/terms/v7/DEAT	PLAC	https://gedcom.io/terms/v7/PLAC
https://gedcom.io/terms/v7/DIV	PLAC	https://gedcom.io/terms/v7/PLAC
https://gedcom.io/terms/v7/DIVF	PLAC	https://gedcom.io/terms/v7/PLAC
https://gedcom.io/terms/v7/DSCR	PLAC	https://gedcom.io/terms/v7/PLAC
https://gedcom.io/terms/v7/EDUC	PLAC	https://gedcom.io/terms/v7/PLAC
https://gedcom.io/terms/v7/EMIG	PLAC	https://gedcom.io/terms/v7/PLAC
https://gedcom.io/terms/v7/ENDL	PLAC	https://gedcom.io/terms/v7/PLAC
https://gedcom.io/terms/v7/ENGA	PLAC	https://gedcom.io/terms/v7/PLAC
https://gedcom.io/terms/v7/FAM-CENS	PLAC	https://gedcom.io/terms/v7/PLAC
https://gedcom.io/terms/v7/FAM-EVEN	PLAC	https://gedcom.io/terms/v7/PLAC
https://gedcom.io/terms/v7/FAM-FACT	PLAC	https://gedcom.io/terms/v7/PLAC
https://gedcom.io/terms/v7/FAM-NCHI	PLAC	https://gedcom.io/terms/v7/PLAC
https://gedcom.io/terms/v7/FAM-RESI	PLAC	https://gedcom.io/terms/v7/PLAC
https://gedcom.io/terms/v7/FCOM	PLAC	https://gedcom.io/terms/v7/PLAC
https://gedcom.io/terms/v7/GRAD	PLAC	https://gedcom.io/terms/v7/PLAC
https://gedcom.io/terms/v7/IDNO	PLAC	https://gedcom.io/terms/v7/PLAC
https://gedcom.io/terms/v7/IMMI	PLAC	https://gedcom.io/terms/v7/PLAC
https://gedcom.io/terms/v7/INDI-CENS	PLAC	https://gedcom.io/terms/v7/PLAC
https://gedcom.io/terms/v7/INDI-EVEN	PLAC	https://gedcom.io/terms/v7/PLAC
https://gedcom.io/terms/v7/INDI-FACT	PLAC	https://gedcom.io/terms/v7/PLAC
https://gedcom.io/terms/v7/INDI-NCHI	PLAC	https://gedcom.io/terms/v7/PLAC
https://gedcom.io/terms/v7/INDI-RELI	PLAC	https://gedcom.io/terms/v7/PLAC
https://gedcom.io/terms/v7/INDI-RESI	PLAC	https://gedcom.io/terms/v7/PLAC
https://gedcom.io/terms/v7/INDI-TITL	PLAC	https://gedcom.io/terms/v7/PLAC
https://gedcom.io/terms/v7/INIL	PLAC	https://gedcom.io/terms/v7/PLAC
https://gedcom.io/terms/v7/MARB	PLAC	https://gedcom.io/terms/v7/PLAC
https://gedcom.io/terms/v7/MARC	PLAC	https://gedcom.io/terms/v7/PLAC
https://gedcom.io/terms/v7/MARL	PLAC	https://gedcom.io/terms/v7/PLAC
https://gedcom.io/terms/v7/MARR	PLAC	https://gedcom.io/terms/v7/PLAC
https://gedcom.io/terms/v7/MARS	PLAC	https://gedcom.io/terms/v7/PLAC
https://gedcom.io/terms/v7/NATI	PLAC	https://gedcom.io/terms/v7/PLAC
https://gedcom.io/terms/v7/NATU	PLAC	https://gedcom.io/terms/v7/PLAC
https://gedcom.io/terms/v7/NMR	PLAC	https://gedcom.io/terms/v7/PLAC
https://gedcom.io/terms/v7/OCCU	PLAC	https://gedcom.io/terms/v7/PLAC
https://gedcom.io/terms/v7/ORDN	PLAC	https://gedcom.io/terms/v7/PLAC
https://gedcom.io/terms/v7/PROB	PLAC	https://gedcom.io/terms/v7/PLAC
https://gedcom.io/terms/v7/PROP	PLAC	https://gedcom.io/terms/v7/PLAC
https://gedcom.io/terms/v7/RETI	PLAC	https://gedcom.io/terms/v7/PLAC
https://gedcom.io/terms/v7/SLGC	PLAC	https://gedcom.io/terms/v7/PLAC
https://gedcom.io/terms/v7/SLGS	PLAC	https://gedcom.io/terms/v7/PLAC
https://gedcom.io/terms/v7/SSN	PLAC	https://gedcom.io/terms/v7/PLAC
https://gedcom.io/terms/v7/WILL	PLAC	https://gedcom.io/terms/v7/PLAC
HEAD pseudostructure	PLAC	https://gedcom.io/terms/v7/HEAD-PLAC
https://gedcom.io/terms/v7/ADDR	POST	https://gedcom.io/terms/v7/POST
https://gedcom.io/terms/v7/record-INDI	PROB	https://gedcom.io/terms/v7/PROB
https://gedcom.io/terms/v7/record-INDI	PROP	https://gedcom.io/terms/v7/PROP
https://gedcom.io/terms/v7/record-SOUR	PUBL	https://gedcom.io/terms/v7/PUBL
https://gedcom.io/terms/v7/SOUR	QUAY	https://gedcom.io/terms/v7/QUAY
https://gedcom.io/terms/v7/record-FAM	REFN	https://gedcom.io/terms/v7/REFN
https://gedcom.io/terms/v7/record-INDI	REFN	https://gedcom.io/terms/v7/REFN
https://gedcom.io/terms/v7/record-OBJE	REFN	https://gedcom.io/terms/v7/REFN
https://gedcom.io/terms/v7/record-REPO	REFN	https://gedcom.io/terms/v7/REFN
https://gedcom.io/terms/v7/record-SNOTE	REFN	https://gedcom.io/terms/v7/REFN
https://gedcom.io/terms/v7/record-SOUR	REFN	https://gedcom.io/terms/v7/REFN
https://gedcom.io/terms/v7/record-SUBM	REFN	https://gedcom.io/terms/v7/REFN
https://gedcom.io/terms/v7/ADOP	RELI	https://gedcom.io/terms/v7/RELI
https://gedcom.io/terms/v7/ANUL	RELI	https://gedcom.io/terms/v7/RELI
https://gedcom.io/terms/v7/BAPM	RELI	https://gedcom.io/terms/v7/RELI
https://gedcom.io/terms/v7/BARM	RELI	https://gedcom.io/terms/v7/RELI
https://gedcom.io/terms/v7/BASM	RELI	https://gedcom.io/terms/v7/RELI
https://gedcom.io/terms/v7/BIRT	RELI	https://gedcom.io/terms/v7/RELI
https://gedcom.io/terms/v7/BLES	RELI	https://gedcom.io/terms/v7/RELI
https://gedcom.io/terms/v7/BURI	RELI	https://gedcom.io/terms/v7/RELI
https://gedcom.io/terms/v7/CAST	RELI	https://gedcom.io/terms/v7/RELI
https://gedcom.io/terms/v7/CHR	RELI	https://gedcom.io/terms/v7/RELI
https://gedcom.io/terms/v7/CHRA	RELI	https://gedcom.io/terms/v7/RELI
https://gedcom.io/terms/v7/CONF	RELI	https://gedcom.io/terms/v7/RELI
https://gedcom.io/terms/v7/CREM	RELI	https://gedcom.io/terms/v7/RELI
https://gedcom.io/terms/v7/DEAT	RELI	https://gedcom.io/terms/v7/RELI
https://gedcom.io/terms/v7/DIV	RELI	https://gedcom.io/terms/v7/RELI
https://gedcom.io/terms/v7/DIVF	RELI	https://gedcom.io/terms/v7/RELI
https://gedcom.io/terms/v7/DSCR	RELI	https://gedcom.io/terms/v7/RELI
https://gedcom.io/terms/v7/EDUC	RELI	https://gedcom.io/terms/v7/RELI
https://gedcom.io/terms/v7/EMIG	RELI	https://gedcom.io/terms/v7/RELI
https://gedcom.io/terms/v7/ENGA	RELI	https://gedcom.io/terms/v7/RELI
https://gedcom.io/terms/v7/FAM-CENS	RELI	https://gedcom.io/terms/v7/RELI
https://gedcom.io/terms/v7/FAM-EVEN	RELI	https://gedcom.io/terms/v7/RELI
https://gedcom.io/terms/v7/FAM-FACT	RELI	https://gedcom.io/terms/v7/RELI
https://gedcom.io/terms/v7/FAM-NCHI	RELI	https://gedcom.io/terms/v7/RELI
https://gedcom.io/terms/v7/FAM-RESI	RELI	https://gedcom.io/terms/v7/RELI
https://gedcom.io/terms/v7/FCOM	RELI	https://gedcom.io/terms/v7/RELI
https://gedcom.io/terms/v7/GRAD	RELI	https://gedcom.io/terms/v7/RELI
https://gedcom.io/terms/v7/IDNO	RELI	https://gedcom.io/terms/v7/RELI
https://gedcom.io/terms/v7/IMMI	RELI	https://gedcom.io/terms/v7/RELI
https://gedcom.io/terms/v7/INDI-CENS	RELI	https://gedcom.io/terms/v7/RELI
https://gedcom.io/terms/v7/INDI-EVEN	RELI	https://gedcom.io/terms/v7/RELI
https://gedcom.io/terms/v7/INDI-FACT	RELI	https://gedcom.io/terms/v7/RELI
https://gedcom.io/terms/v7/INDI-NCHI	RELI	https://gedcom.io/terms/v7/RELI
https://gedcom.io/terms/v7/INDI-RELI	RELI	https://gedcom.io/terms/v7/RELI
https://gedcom.io/terms/v7/INDI-RESI	RELI	https://gedcom.io/terms/v7/RELI
https://gedcom.io/terms/v7/INDI-TITL	RELI	https://gedcom.io/terms/v7/RELI
https://gedcom.io/terms/v7/MARB	RELI	https://gedcom.io/terms/v7/RELI
https://gedcom.io/terms/v7/MARC	RELI	https://gedcom.io/terms/v7/RELI
https://gedcom.io/terms/v7/MARL	RELI	https://gedcom.io/terms/v7/RELI
https://gedcom.io/terms/v7/MARR	RELI	https://gedcom.io/terms/v7/RELI
https://gedcom.io/terms/v7/MARS	RELI	https://gedcom.io/terms/v7/RELI
https://gedcom.io/terms/v7/NATI	RELI	https://gedcom.io/terms/v7/RELI
https://gedcom.io/terms/v7/NATU	RELI	https://gedcom.io/terms/v7/RELI
https://gedcom.io/terms/v7/NMR	RELI	https://gedcom.io/terms/v7/RELI
https://gedcom.io/terms/v7/OCCU	RELI	https://gedcom.io/terms/v7/RELI
https://gedcom.io/terms/v7/ORDN	RELI	https://gedcom.io/terms/v7/RELI
https://gedcom.io/terms/v7/PROB	RELI	https://gedcom.io/terms/v7/RELI
https://gedcom.io/terms/v7/PROP	RELI	https://gedcom.io/terms/v7/RELI
https://gedcom.io/terms/v7/RETI	RELI	https://gedcom.io/terms/v7/RELI
https://gedcom.io/terms/v7/SSN	RELI	https://gedcom.io/terms/v7/RELI
https://gedcom.io/terms/v7/WILL	RELI	https://gedcom.io/terms/v7/RELI
https://gedcom.io/terms/v7/record-INDI	RELI	https://gedcom.io/terms/v7/INDI-RELI
https://gedcom.io/terms/v7/ADOP	RESN	https://gedcom.io/terms/v7/RESN
https://gedcom.io/terms/v7/ANUL	RESN	https://gedcom.io/terms/v7/RESN
https://gedcom.io/terms/v7/BAPM	RESN	https://gedcom.io/terms/v7/RESN
https://gedcom.io/terms/v7/BARM	RESN	https://gedcom.io/terms/v7/RESN
https://gedcom.io/terms/v7/BASM	RESN	https://gedcom.io/terms/v7/RESN
https://gedcom.io/terms/v7/BIRT	RESN	https://gedcom.io/terms/v7/RESN
https://gedcom.io/terms/v7/BLES	RESN	https://gedcom.io/terms/v7/RESN
https://gedcom.io/terms/v7/BURI	RESN	https://gedcom.io/terms/v7/RESN
https://gedcom.io/terms/v7/CAST	RESN	https://gedcom.io/terms/v7/RESN
https://gedcom.io/terms/v7/CHR	RESN	https://gedcom.io/terms/v7/RESN
https://gedcom.io/terms/v7/CHRA	RESN	https://gedcom.io/terms/v7/RESN
https://gedcom.io/terms/v7/CONF	RESN	https://gedcom.io/terms/v7/RESN
https://gedcom.io/terms/v7/CREM	RESN	https://gedcom.io/terms/v7/RESN
https://gedcom.io/terms/v7/DEAT	RESN	https://gedcom.io/terms/v7/RESN
https://gedcom.io/terms/v7/DIV	RESN	https://gedcom.io/terms/v7/RESN
https://gedcom.io/terms/v7/DIVF	RESN	https://gedcom.io/terms/v7/RESN
https://gedcom.io/terms/v7/DSCR	RESN	https://gedcom.io/terms/v7/RESN
https://gedcom.io/terms/v7/EDUC	RESN	https://gedcom.io/terms/v7/RESN
https://gedcom.io/terms/v7/EMIG	RESN	https://gedcom.io/terms/v7/RESN
https://gedcom.io/terms/v7/ENGA	RESN	https://gedcom.io/terms/v7/RESN
https://gedcom.io/terms/v7/FAM-CENS	RESN	https://gedcom.io/terms/v7/RESN
https://gedcom.io/terms/v7/FAM-EVEN	RESN	https://gedcom.io/terms/v7/RESN
https://gedcom.io/terms/v7/FAM-FACT	RESN	https://gedcom.io/terms/v7/RESN
https://gedcom.io/terms/v7/FAM-NCHI	RESN	https://gedcom.io/terms/v7/RESN
https://gedcom.io/terms/v7/FAM-RESI	RESN	https://gedcom.io/terms/v7/RESN
https://gedcom.io/terms/v7/FCOM	RESN	https://gedcom.io/terms/v7/RESN
https://gedcom.io/terms/v7/GRAD	RESN	https://gedcom.io/terms/v7/RESN
https://gedcom.io/terms/v7/IDNO	RESN	https://gedcom.io/terms/v7/RESN
https://gedcom.io/terms/v7/IMMI	RESN	https://gedcom.io/terms/v7/RESN
https://gedcom.io/terms/v7/INDI-CENS	RESN	https://gedcom.io/terms/v7/RESN
https://gedcom.io/terms/v7/INDI-EVEN	RESN	https://gedcom.io/terms/v7/RESN
https://gedcom.io/terms/v7/INDI-FACT	RESN	https://gedcom.io/terms/v7/RESN
https://gedcom.io/terms/v7/INDI-NCHI	RESN	https://gedcom.io/terms/v7/RESN
https://gedcom.io/terms/v7/INDI-RELI	RESN	https://gedcom.io/terms/v7/RESN
https://gedcom.io/terms/v7/INDI-RESI	RESN	https://gedcom.io/terms/v7/RESN
https://gedcom.io/terms/v7/INDI-TITL	RESN	https://gedcom.io/terms/v7/RESN
https://gedcom.io/terms/v7/MARB	RESN	https://gedcom.io/terms/v7/RESN
https://gedcom.io/terms/v7/MARC	RESN	https://gedcom.io/terms/v7/RESN
https://gedcom.io/terms/v7/MARL	RESN	https://gedcom.io/terms/v7/RESN
https://gedcom.io/terms/v7/MARR	RESN	https://gedcom.io/terms/v7/RESN
https://gedcom.io/terms/v7/MARS	RESN	https://gedcom.io/terms/v7/RESN
https://gedcom.io/terms/v7/NATI	RESN	https://gedcom.io/terms/v7/RESN
https://gedcom.io/terms/v7/NATU	RESN	https://gedcom.io/terms/v7/RESN
https://gedcom.io/terms/v7/NMR	RESN	https://gedcom.io/terms/v7/RESN
https://gedcom.io/terms/v7/OCCU	RESN	https://gedcom.io/terms/v7/RESN
https://gedcom.io/terms/v7/ORDN	RESN	https://gedcom.io/terms/v7/RESN
https://gedcom.io/terms/v7/PROB	RESN	https://gedcom.io/terms/v7/RESN
https://gedcom.io/terms/v7/PROP	RESN	https://gedcom.io/terms/v7/RESN
https://gedcom.io/terms/v7/RETI	RESN	https://gedcom.io/terms/v7/RESN
https://gedcom.io/terms/v7/SSN	RESN	https://gedcom.io/terms/v7/RESN
https://gedcom.io/terms/v7/WILL	RESN	https://gedcom.io/terms/v7/RESN
https://gedcom.io/terms/v7/record-FAM	RESN	https://gedcom.io/terms/v7/RESN
https://gedcom.io/terms/v7/record-INDI	RESN	https://gedcom.io/terms/v7/RESN
https://gedcom.io/terms/v7/record-OBJE	RESN	https://gedcom.io/terms/v7/RESN
https://gedcom.io/terms/v7/record-SOUR	REPO	https://gedcom.io/terms/v7/REPO
	REPO	https://gedcom.io/terms/v7/record-REPO
https://gedcom.io/terms/v7/record-FAM	RESI	https://gedcom.io/terms/v7/FAM-RESI
https://gedcom.io/terms/v7/record-INDI	RESI	https://gedcom.io/terms/v7/INDI-RESI
https://gedcom.io/terms/v7/record-INDI	RETI	https://gedcom.io/terms/v7/RETI
https://gedcom.io/terms/v7/ASSO	ROLE	https://gedcom.io/terms/v7/ROLE
https://gedcom.io/terms/v7/SOUR-EVEN	ROLE	https://gedcom.io/terms/v7/ROLE
HEAD pseudostructure	SCHMA	https://gedcom.io/terms/v7/SCHMA
https://gedcom.io/terms/v7/ADOP	SDATE	https://gedcom.io/terms/v7/SDATE
https://gedcom.io/terms/v7/ANUL	SDATE	https://gedcom.io/terms/v7/SDATE
https://gedcom.io/terms/v7/BAPM	SDATE	https://gedcom.io/terms/v7/SDATE
https://gedcom.io/terms/v7/BARM	SDATE	https://gedcom.io/terms/v7/SDATE
https://gedcom.io/terms/v7/BASM	SDATE	https://gedcom.io/terms/v7/SDATE
https://gedcom.io/terms/v7/BIRT	SDATE	https://gedcom.io/terms/v7/SDATE
https://gedcom.io/terms/v7/BLES	SDATE	https://gedcom.io/terms/v7/SDATE
https://gedcom.io/terms/v7/BURI	SDATE	https://gedcom.io/terms/v7/SDATE
https://gedcom.io/terms/v7/CAST	SDATE	https://gedcom.io/terms/v7/SDATE
https://gedcom.io/terms/v7/CHR	SDATE	https://gedcom.io/terms/v7/SDATE
https://gedcom.io/terms/v7/CHRA	SDATE	https://gedcom.io/terms/v7/SDATE
https://gedcom.io/terms/v7/CONF	SDATE	https://gedcom.io/terms/v7/SDATE
https://gedcom.io/terms/v7/CREM	SDATE	https://gedcom.io/terms/v7/SDATE
https://gedcom.io/terms/v7/DEAT	SDATE	https://gedcom.io/terms/v7/SDATE
https://gedcom.io/terms/v7/DIV	SDATE	https://gedcom.io/terms/v7/SDATE
https://gedcom.io/terms/v7/DIVF	SDATE	https://gedcom.io/terms/v7/SDATE
https://gedcom.io/terms/v7/DSCR	SDATE	https://gedcom.io/terms/v7/SDATE
https://gedcom.io/terms/v7/EDUC	SDATE	https://gedcom.io/terms/v7/SDATE
https://gedcom.io/terms/v7/EMIG	SDATE	https://gedcom.io/terms/v7/SDATE
https://gedcom.io/terms/v7/ENGA	SDATE	https://gedcom.io/terms/v7/SDATE
https://gedcom.io/terms/v7/FAM-CENS	SDATE	https://gedcom.io/terms/v7/SDATE
https://gedcom.io/terms/v7/FAM-EVEN	SDATE	https://gedcom.io/terms/v7/SDATE
https://gedcom.io/terms/v7/FAM-FACT	SDATE	https://gedcom.io/terms/v7/SDATE
https://gedcom.io/terms/v7/FAM-NCHI	SDATE	https://gedcom.io/terms/v7/SDATE
https://gedcom.io/terms/v7/FAM-RESI	SDATE	https://gedcom.io/terms/v7/SDATE
https://gedcom.io/terms/v7/FCOM	SDATE	https://gedcom.io/terms/v7/SDATE
https://gedcom.io/terms/v7/GRAD	SDATE	https://gedcom.io/terms/v7/SDATE
https://gedcom.io/terms/v7/IDNO	SDATE	https://gedcom.io/terms/v7/SDATE
https://gedcom.io/terms/v7/IMMI	SDATE	https://gedcom.io/terms/v7/SDATE
https://gedcom.io/terms/v7/INDI-CENS	SDATE	https://gedcom.io/terms/v7/SDATE
https://gedcom.io/terms/v7/INDI-EVEN	SDATE	https://gedcom.io/terms/v7/SDATE
https://gedcom.io/terms/v7/INDI-FACT	SDATE	https://gedcom.io/terms/v7/SDATE
https://gedcom.io/terms/v7/INDI-NCHI	SDATE	https://gedcom.io/terms/v7/SDATE
https://gedcom.io/terms/v7/INDI-RELI	SDATE	https://gedcom.io/terms/v7/SDATE
https://gedcom.io/terms/v7/INDI-RESI	SDATE	https://gedcom.io/terms/v7/SDATE
https://gedcom.io/terms/v7/INDI-TITL	SDATE	https://gedcom.io/terms/v7/SDATE
https://gedcom.io/terms/v7/MARB	SDATE	https://gedcom.io/terms/v7/SDATE
https://gedcom.io/terms/v7/MARC	SDATE	https://gedcom.io/terms/v7/SDATE
https://gedcom.io/terms/v7/MARL	SDATE	https://gedcom.io/terms/v7/SDATE
https://gedcom.io/terms/v7/MARR	SDATE	https://gedcom.io/terms/v7/SDATE
https://gedcom.io/terms/v7/MARS	SDATE	https://gedcom.io/terms/v7/SDATE
https://gedcom.io/terms/v7/NATI	SDATE	https://gedcom.io/terms/v7/SDATE
https://gedcom.io/terms/v7/NATU	SDATE	https://gedcom.io/terms/v7/SDATE
https://gedcom.io/terms/v7/NMR	SDATE	https://gedcom.io/terms/v7/SDATE
https://gedcom.io/terms/v7/OCCU	SDATE	https://gedcom.io/terms/v7/SDATE
https://gedcom.io/terms/v7/ORDN	SDATE	https://gedcom.io/terms/v7/SDATE
https://gedcom.io/terms/v7/PROB	SDATE	https://gedcom.io/terms/v7/SDATE
https://gedcom.io/terms/v7/PROP	SDATE	https://gedcom.io/terms/v7/SDATE
https://gedcom.io/terms/v7/RETI	SDATE	https://gedcom.io/terms/v7/SDATE
https://gedcom.io/terms/v7/SSN	SDATE	https://gedcom.io/terms/v7/SDATE
https://gedcom.io/terms/v7/WILL	SDATE	https://gedcom.io/terms/v7/SDATE
https://gedcom.io/terms/v7/record-INDI	SEX	https://gedcom.io/terms/v7/SEX
https://gedcom.io/terms/v7/record-INDI	SLGC	https://gedcom.io/terms/v7/SLGC
https://gedcom.io/terms/v7/record-FAM	SLGS	https://gedcom.io/terms/v7/SLGS
HEAD pseudostructure	SNOTE	https://gedcom.io/terms/v7/SNOTE
https://gedcom.io/terms/v7/ADOP	SNOTE	https://gedcom.io/terms/v7/SNOTE
https://gedcom.io/terms/v7/ANUL	SNOTE	https://gedcom.io/terms/v7/SNOTE
https://gedcom.io/terms/v7/ASSO	SNOTE	https://gedcom.io/terms/v7/SNOTE
https://gedcom.io/terms/v7/BAPL	SNOTE	https://gedcom.io/terms/v7/SNOTE
https://gedcom.io/terms/v7/BAPM	SNOTE	https://gedcom.io/terms/v7/SNOTE
https://gedcom.io/terms/v7/BARM	SNOTE	https://gedcom.io/terms/v7/SNOTE
https://gedcom.io/terms/v7/BASM	SNOTE	https://gedcom.io/terms/v7/SNOTE
https://gedcom.io/terms/v7/BIRT	SNOTE	https://gedcom.io/terms/v7/SNOTE
https://gedcom.io/terms/v7/BLES	SNOTE	https://gedcom.io/terms/v7/SNOTE
https://gedcom.io/terms/v7/BURI	SNOTE	https://gedcom.io/terms/v7/SNOTE
https://gedcom.io/terms/v7/CAST	SNOTE	https://gedcom.io/terms/v7/SNOTE
https://gedcom.io/terms/v7/CHAN	SNOTE	https://gedcom.io/terms/v7/SNOTE
https://gedcom.io/terms/v7/CHR	SNOTE	https://gedcom.io/terms/v7/SNOTE
https://gedcom.io/terms/v7/CHRA	SNOTE	https://gedcom.io/terms/v7/SNOTE
https://gedcom.io/terms/v7/CONF	SNOTE	https://gedcom.io/terms/v7/SNOTE
https://gedcom.io/terms/v7/CONL	SNOTE	https://gedcom.io/terms/v7/SNOTE
https://gedcom.io/terms/v7/CREM	SNOTE	https://gedcom.io/terms/v7/SNOTE
https://gedcom.io/terms/v7/DATA	SNOTE	https://gedcom.io/terms/v7/SNOTE
https://gedcom.io/terms/v7/DEAT	SNOTE	https://gedcom.io/terms/v7/SNOTE
https://gedcom.io/terms/v7/DIV	SNOTE	https://gedcom.io/terms/v7/SNOTE
https://gedcom.io/terms/v7/DIVF	SNOTE	https://gedcom.io/terms/v7/SNOTE
https://gedcom.io/terms/v7/DSCR	SNOTE	https://gedcom.io/terms/v7/SNOTE
https://gedcom.io/terms/v7/EDUC	SNOTE	https://gedcom.io/terms/v7/SNOTE
https://gedcom.io/terms/v7/EMIG	SNOTE	https://gedcom.io/terms/v7/SNOTE
https://gedcom.io/terms/v7/ENDL	SNOTE	https://gedcom.io/terms/v7/SNOTE
https://gedcom.io/terms/v7/ENGA	SNOTE	https://gedcom.io/terms/v7/SNOTE
https://gedcom.io/terms/v7/FAM-CENS	SNOTE	https://gedcom.io/terms/v7/SNOTE
https://gedcom.io/terms/v7/FAM-EVEN	SNOTE	https://gedcom.io/terms/v7/SNOTE
https://gedcom.io/terms/v7/FAM-FACT	SNOTE	https://gedcom.io/terms/v7/SNOTE
https://gedcom.io/terms/v7/FAM-NCHI	SNOTE	https://gedcom.io/terms/v7/SNOTE
https://gedcom.io/terms/v7/FAM-RESI	SNOTE	https://gedcom.io/terms/v7/SNOTE
https://gedcom.io/terms/v7/FAMS	SNOTE	https://gedcom.io/terms/v7/SNOTE
https://gedcom.io/terms/v7/FCOM	SNOTE	https://gedcom.io/terms/v7/SNOTE
https://gedcom.io/terms/v7/GRAD	SNOTE	https://gedcom.io/terms/v7/SNOTE
https://gedcom.io/terms/v7/IDNO	SNOTE	https://gedcom.io/terms/v7/SNOTE
https://gedcom.io/terms/v7/IMMI	SNOTE	https://gedcom.io/terms/v7/SNOTE
https://gedcom.io/terms/v7/INDI-CENS	SNOTE	https://gedcom.io/terms/v7/SNOTE
https://gedcom.io/terms/v7/INDI-EVEN	SNOTE	https://gedcom.io/terms/v7/SNOTE
https://gedcom.io/terms/v7/INDI-FACT	SNOTE	https://gedcom.io/terms/v7/SNOTE
https://gedcom.io/terms/v7/INDI-FAMC	SNOTE	https://gedcom.io/terms/v7/SNOTE
https://gedcom.io/terms/v7/INDI-NAME	SNOTE	https://gedcom.io/terms/v7/SNOTE
https://gedcom.io/terms/v7/INDI-NCHI	SNOTE	https://gedcom.io/terms/v7/SNOTE
https://gedcom.io/terms/v7/INDI-RELI	SNOTE	https://gedcom.io/terms/v7/SNOTE
https://gedcom.io/terms/v7/INDI-RESI	SNOTE	https://gedcom.io/terms/v7/SNOTE
https://gedcom.io/terms/v7/INDI-TITL	SNOTE	https://gedcom.io/terms/v7/SNOTE
https://gedcom.io/terms/v7/INIL	SNOTE	https://gedcom.io/terms/v7/SNOTE
https://gedcom.io/terms/v7/MARB	SNOTE	https://gedcom.io/terms/v7/SNOTE
https://gedcom.io/terms/v7/MARC	SNOTE	https://gedcom.io/terms/v7/SNOTE
https://gedcom.io/terms/v7/MARL	SNOTE	https://gedcom.io/terms/v7/SNOTE
https://gedcom.io/terms/v7/MARR	SNOTE	https://gedcom.io/terms/v7/SNOTE
https://gedcom.io/terms/v7/MARS	SNOTE	https://gedcom.io/terms/v7/SNOTE
https://gedcom.io/terms/v7/NATI	SNOTE	https://gedcom.io/terms/v7/SNOTE
https://gedcom.io/terms/v7/NATU	SNOTE	https://gedcom.io/terms/v7/SNOTE
https://gedcom.io/terms/v7/NMR	SNOTE	https://gedcom.io/terms/v7/SNOTE
https://gedcom.io/terms/v7/NO	SNOTE	https://gedcom.io/terms/v7/SNOTE
https://gedcom.io/terms/v7/OCCU	SNOTE	https://gedcom.io/terms/v7/SNOTE
https://gedcom.io/terms/v7/ORDN	SNOTE	https://gedcom.io/terms/v7/SNOTE
https://gedcom.io/terms/v7/PLAC	SNOTE	https://gedcom.io/terms/v7/SNOTE
https://gedcom.io/terms/v7/PROB	SNOTE	https://gedcom.io/terms/v7/SNOTE
https://gedcom.io/terms/v7/PROP	SNOTE	https://gedcom.io/terms/v7/SNOTE
https://gedcom.io/terms/v7/REPO	SNOTE	https://gedcom.io/terms/v7/SNOTE
https://gedcom.io/terms/v7/RETI	SNOTE	https://gedcom.io/terms/v7/SNOTE
https://gedcom.io/terms/v7/SLGC	SNOTE	https://gedcom.io/terms/v7/SNOTE
https://gedcom.io/terms/v7/SLGS	SNOTE	https://gedcom.io/terms/v7/SNOTE
https://gedcom.io/terms/v7/SOUR	SNOTE	https://gedcom.io/terms/v7/SNOTE
https://gedcom.io/terms/v7/SSN	SNOTE	https://gedcom.io/terms/v7/SNOTE
https://gedcom.io/terms/v7/WILL	SNOTE	https://gedcom.io/terms/v7/SNOTE
https://gedcom.io/terms/v7/record-FAM	SNOTE	https://gedcom.io/terms/v7/SNOTE
https://gedcom.io/terms/v7/record-INDI	SNOTE	https://gedcom.io/terms/v7/SNOTE
https://gedcom.io/terms/v7/record-OBJE	SNOTE	https://gedcom.io/terms/v7/SNOTE
https://gedcom.io/terms/v7/record-REPO	SNOTE	https://gedcom.io/terms/v7/SNOTE
https://gedcom.io/terms/v7/record-SOUR	SNOTE	https://gedcom.io/terms/v7/SNOTE
https://gedcom.io/terms/v7/record-SUBM	SNOTE	https://gedcom.io/terms/v7/SNOTE
	SNOTE	https://gedcom.io/terms/v7/record-SNOTE
https://gedcom.io/terms/v7/ADOP	SOUR	https://gedcom.io/terms/v7/SOUR
https://gedcom.io/terms/v7/ANUL	SOUR	https://gedcom.io/terms/v7/SOUR
https://gedcom.io/terms/v7/ASSO	SOUR	https://gedcom.io/terms/v7/SOUR
https://gedcom.io/terms/v7/BAPL	SOUR	https://gedcom.io/terms/v7/SOUR
https://gedcom.io/terms/v7/BAPM	SOUR	https://gedcom.io/terms/v7/SOUR
https://gedcom.io/terms/v7/BARM	SOUR	https://gedcom.io/terms/v7/SOUR
https://gedcom.io/terms/v7/BASM	SOUR	https://gedcom.io/terms/v7/SOUR
https://gedcom.io/terms/v7/BIRT	SOUR	https://gedcom.io/terms/v7/SOUR
https://gedcom.io/terms/v7/BLES	SOUR	https://gedcom.io/terms/v7/SOUR
https://gedcom.io/terms/v7/BURI	SOUR	https://gedcom.io/terms/v7/SOUR
https://gedcom.io/terms/v7/CAST	SOUR	https://gedcom.io/terms/v7/SOUR
https://gedcom.io/terms/v7/CHR	SOUR	https://gedcom.io/terms/v7/SOUR
https://gedcom.io/terms/v7/CHRA	SOUR	https://gedcom.io/terms/v7/SOUR
https://gedcom.io/terms/v7/CONF	SOUR	https://gedcom.io/terms/v7/SOUR
https://gedcom.io/terms/v7/CONL	SOUR	https://gedcom.io/terms/v7/SOUR
https://gedcom.io/terms/v7/CREM	SOUR	https://gedcom.io/terms/v7/SOUR
https://gedcom.io/terms/v7/DEAT	SOUR	https://gedcom.io/terms/v7/SOUR
https://gedcom.io/terms/v7/DIV	SOUR	https://gedcom.io/terms/v7/SOUR
https://gedcom.io/terms/v7/DIVF	SOUR	https://gedcom.io/terms/v7/SOUR
https://gedcom.io/terms/v7/DSCR	SOUR	https://gedcom.io/terms/v7/SOUR
https://gedcom.io/terms/v7/EDUC	SOUR	https://gedcom.io/terms/v7/SOUR
https://gedcom.io/terms/v7/EMIG	SOUR	https://gedcom.io/terms/v7/SOUR
https://gedcom.io/terms/v7/ENDL	SOUR	https://gedcom.io/terms/v7/SOUR
https://gedcom.io/terms/v7/ENGA	SOUR	https://gedcom.io/terms/v7/SOUR
https://gedcom.io/terms/v7/FAM-CENS	SOUR	https://gedcom.io/terms/v7/SOUR
https://gedcom.io/terms/v7/FAM-EVEN	SOUR	https://gedcom.io/terms/v7/SOUR
https://gedcom.io/terms/v7/FAM-FACT	SOUR	https://gedcom.io/terms/v7/SOUR
https://gedcom.io/terms/v7/FAM-NCHI	SOUR	https://gedcom.io/terms/v7/SOUR
https://gedcom.io/terms/v7/FAM-RESI	SOUR	https://gedcom.io/terms/v7/SOUR
https://gedcom.io/terms/v7/FCOM	SOUR	https://gedcom.io/terms/v7/SOUR
https://gedcom.io/terms/v7/GRAD	SOUR	https://gedcom.io/terms/v7/SOUR
https://gedcom.io/terms/v7/IDNO	SOUR	https://gedcom.io/terms/v7/SOUR
https://gedcom.io/terms/v7/IMMI	SOUR	https://gedcom.io/terms/v7/SOUR
https://gedcom.io/terms/v7/INDI-CENS	SOUR	https://gedcom.io/terms/v7/SOUR
https://gedcom.io/terms/v7/INDI-EVEN	SOUR	https://gedcom.io/terms/v7/SOUR
https://gedcom.io/terms/v7/INDI-FACT	SOUR	https://gedcom.io/terms/v7/SOUR
https://gedcom.io/terms/v7/INDI-NAME	SOUR	https://gedcom.io/terms/v7/SOUR
https://gedcom.io/terms/v7/INDI-NCHI	SOUR	https://gedcom.io/terms/v7/SOUR
https://gedcom.io/terms/v7/INDI-RELI	SOUR	https://gedcom.io/terms/v7/SOUR
https://gedcom.io/terms/v7/INDI-RESI	SOUR	https://gedcom.io/terms/v7/SOUR
https://gedcom.io/terms/v7/INDI-TITL	SOUR	https://gedcom.io/terms/v7/SOUR
https://gedcom.io/terms/v7/INIL	SOUR	https://gedcom.io/terms/v7/SOUR
https://gedcom.io/terms/v7/MARB	SOUR	https://gedcom.io/terms/v7/SOUR
https://gedcom.io/terms/v7/MARC	SOUR	https://gedcom.io/terms/v7/SOUR
https://gedcom.io/terms/v7/MARL	SOUR	https://gedcom.io/terms/v7/SOUR
https://gedcom.io/terms/v7/MARR	SOUR	https://gedcom.io/terms/v7/SOUR
https://gedcom.io/terms/v7/MARS	SOUR	https://gedcom.io/terms/v7/SOUR
https://gedcom.io/terms/v7/NATI	SOUR	https://gedcom.io/terms/v7/SOUR
https://gedcom.io/terms/v7/NATU	SOUR	https://gedcom.io/terms/v7/SOUR
https://gedcom.io/terms/v7/NMR	SOUR	https://gedcom.io/terms/v7/SOUR
https://gedcom.io/terms/v7/NO	SOUR	https://gedcom.io/terms/v7/SOUR
https://gedcom.io/terms/v7/NOTE	SOUR	https://gedcom.io/terms/v7/SOUR
https://gedcom.io/terms/v7/OCCU	SOUR	https://gedcom.io/terms/v7/SOUR
https://gedcom.io/terms/v7/ORDN	SOUR	https://gedcom.io/terms/v7/SOUR
https://gedcom.io/terms/v7/PROB	SOUR	https://gedcom.io/terms/v7/SOUR
https://gedcom.io/terms/v7/PROP	SOUR	https://gedcom.io/terms/v7/SOUR
https://gedcom.io/terms/v7/RETI	SOUR	https://gedcom.io/terms/v7/SOUR
https://gedcom.io/terms/v7/SLGC	SOUR	https://gedcom.io/terms/v7/SOUR
https://gedcom.io/terms/v7/SLGS	SOUR	https://gedcom.io/terms/v7/SOUR
https://gedcom.io/terms/v7/SSN	SOUR	https://gedcom.io/terms/v7/SOUR
https://gedcom.io/terms/v7/WILL	SOUR	https://gedcom.io/terms/v7/SOUR
https://gedcom.io/terms/v7/record-FAM	SOUR	https://gedcom.io/terms/v7/SOUR
https://gedcom.io/terms/v7/record-INDI	SOUR	https://gedcom.io/terms/v7/SOUR
https://gedcom.io/terms/v7/record-OBJE	SOUR	https://gedcom.io/terms/v7/SOUR
https://gedcom.io/terms/v7/record-SNOTE	SOUR	https://gedcom.io/terms/v7/SOUR
	SOUR	https://gedcom.io/terms/v7/record-SOUR
HEAD pseudostructure	SOUR	https://gedcom.io/terms/v7/HEAD-SOUR
https://gedcom.io/terms/v7/INDI-NAME	SPFX	https://gedcom.io/terms/v7/SPFX
https://gedcom.io/terms/v7/NAME-TRAN	SPFX	https://gedcom.io/terms/v7/SPFX
https://gedcom.io/terms/v7/record-INDI	SSN	https://gedcom.io/terms/v7/SSN
https://gedcom.io/terms/v7/ADDR	STAE	https://gedcom.io/terms/v7/STAE
https://gedcom.io/terms/v7/BAPL	STAT	https://gedcom.io/terms/v7/ord-STAT
https://gedcom.io/terms/v7/CONL	STAT	https://gedcom.io/terms/v7/ord-STAT
https://gedcom.io/terms/v7/ENDL	STAT	https://gedcom.io/terms/v7/ord-STAT
https://gedcom.io/terms/v7/INIL	STAT	https://gedcom.io/terms/v7/ord-STAT
https://gedcom.io/terms/v7/SLGC	STAT	https://gedcom.io/terms/v7/ord-STAT
https://gedcom.io/terms/v7/SLGS	STAT	https://gedcom.io/terms/v7/ord-STAT
https://gedcom.io/terms/v7/INDI-FAMC	STAT	https://gedcom.io/terms/v7/FAMC-STAT
HEAD pseudostructure	SUBM	https://gedcom.io/terms/v7/SUBM
https://gedcom.io/terms/v7/record-FAM	SUBM	https://gedcom.io/terms/v7/SUBM
https://gedcom.io/terms/v7/record-INDI	SUBM	https://gedcom.io/terms/v7/SUBM
	SUBM	https://gedcom.io/terms/v7/record-SUBM
https://gedcom.io/terms/v7/INDI-NAME	SURN	https://gedcom.io/terms/v7/SURN
https://gedcom.io/terms/v7/NAME-TRAN	SURN	https://gedcom.io/terms/v7/SURN
https://gedcom.io/terms/v7/SCHMA	TAG	https://gedcom.io/terms/v7/TAG
https://gedcom.io/terms/v7/BAPL	TEMP	https://gedcom.io/terms/v7/TEMP
https://gedcom.io/terms/v7/CONL	TEMP	https://gedcom.io/terms/v7/TEMP
https://gedcom.io/terms/v7/ENDL	TEMP	https://gedcom.io/terms/v7/TEMP
https://gedcom.io/terms/v7/INIL	TEMP	https://gedcom.io/terms/v7/TEMP
https://gedcom.io/terms/v7/SLGC	TEMP	https://gedcom.io/terms/v7/TEMP
https://gedcom.io/terms/v7/SLGS	TEMP	https://gedcom.io/terms/v7/TEMP
https://gedcom.io/terms/v7/SOUR-DATA	TEXT	https://gedcom.io/terms/v7/TEXT
https://gedcom.io/terms/v7/record-SOUR	TEXT	https://gedcom.io/terms/v7/TEXT
https://gedcom.io/terms/v7/DATE	TIME	https://gedcom.io/terms/v7/TIME
https://gedcom.io/terms/v7/DATE-exact	TIME	https://gedcom.io/terms/v7/TIME
https://gedcom.io/terms/v7/HEAD-DATE	TIME	https://gedcom.io/terms/v7/TIME
https://gedcom.io/terms/v7/SDATE	TIME	https://gedcom.io/terms/v7/TIME
https://gedcom.io/terms/v7/FILE	TITL	https://gedcom.io/terms/v7/TITL
https://gedcom.io/terms/v7/OBJE	TITL	https://gedcom.io/terms/v7/TITL
https://gedcom.io/terms/v7/record-SOUR	TITL	https://gedcom.io/terms/v7/TITL
https://gedcom.io/terms/v7/record-INDI	TITL	https://gedcom.io/terms/v7/INDI-TITL
https://gedcom.io/terms/v7/CROP	TOP	https://gedcom.io/terms/v7/TOP
https://gedcom.io/terms/v7/INDI-NAME	TRAN	https://gedcom.io/terms/v7/NAME-TRAN
https://gedcom.io/terms/v7/PLAC	TRAN	https://gedcom.io/terms/v7/PLAC-TRAN
https://gedcom.io/terms/v7/NOTE	TRAN	https://gedcom.io/terms/v7/NOTE-TRAN
https://gedcom.io/terms/v7/record-SNOTE	TRAN	https://gedcom.io/terms/v7/NOTE-TRAN
https://gedcom.io/terms/v7/FILE	TRAN	https://gedcom.io/terms/v7/FILE-TRAN
https://gedcom.io/terms/v7/ADOP	TYPE	https://gedcom.io/terms/v7/TYPE
https://gedcom.io/terms/v7/ANUL	TYPE	https://gedcom.io/terms/v7/TYPE
https://gedcom.io/terms/v7/BAPM	TYPE	https://gedcom.io/terms/v7/TYPE
https://gedcom.io/terms/v7/BARM	TYPE	https://gedcom.io/terms/v7/TYPE
https://gedcom.io/terms/v7/BASM	TYPE	https://gedcom.io/terms/v7/TYPE
https://gedcom.io/terms/v7/BIRT	TYPE	https://gedcom.io/terms/v7/TYPE
https://gedcom.io/terms/v7/BLES	TYPE	https://gedcom.io/terms/v7/TYPE
https://gedcom.io/terms/v7/BURI	TYPE	https://gedcom.io/terms/v7/TYPE
https://gedcom.io/terms/v7/CAST	TYPE	https://gedcom.io/terms/v7/TYPE
https://gedcom.io/terms/v7/CHR	TYPE	https://gedcom.io/terms/v7/TYPE
https://gedcom.io/terms/v7/CHRA	TYPE	https://gedcom.io/terms/v7/TYPE
https://gedcom.io/terms/v7/CONF	TYPE	https://gedcom.io/terms/v7/TYPE
https://gedcom.io/terms/v7/CREM	TYPE	https://gedcom.io/terms/v7/TYPE
https://gedcom.io/terms/v7/DEAT	TYPE	https://gedcom.io/terms/v7/TYPE
https://gedcom.io/terms/v7/DIV	TYPE	https://gedcom.io/terms/v7/TYPE
https://gedcom.io/terms/v7/DIVF	TYPE	https://gedcom.io/terms/v7/TYPE
https://gedcom.io/terms/v7/DSCR	TYPE	https://gedcom.io/terms/v7/TYPE
https://gedcom.io/terms/v7/EDUC	TYPE	https://gedcom.io/terms/v7/TYPE
https://gedcom.io/terms/v7/EMIG	TYPE	https://gedcom.io/terms/v7/TYPE
https://gedcom.io/terms/v7/ENGA	TYPE	https://gedcom.io/terms/v7/TYPE
https://gedcom.io/terms/v7/FAM-CENS	TYPE	https://gedcom.io/terms/v7/TYPE
https://gedcom.io/terms/v7/FAM-EVEN	TYPE	https://gedcom.io/terms/v7/TYPE
https://gedcom.io/terms/v7/FAM-FACT	TYPE	https://gedcom.io/terms/v7/TYPE
https://gedcom.io/terms/v7/FAM-NCHI	TYPE	https://gedcom.io/terms/v7/TYPE
https://gedcom.io/terms/v7/FAM-RESI	TYPE	https://gedcom.io/terms/v7/TYPE
https://gedcom.io/terms/v7/FCOM	TYPE	https://gedcom.io/terms/v7/TYPE
https://gedcom.io/terms/v7/GRAD	TYPE	https://gedcom.io/terms/v7/TYPE
https://gedcom.io/terms/v7/IDNO	TYPE	https://gedcom.io/terms/v7/TYPE
https://gedcom.io/terms/v7/IMMI	TYPE	https://gedcom.io/terms/v7/TYPE
https://gedcom.io/terms/v7/INDI-CENS	TYPE	https://gedcom.io/terms/v7/TYPE
https://gedcom.io/terms/v7/INDI-EVEN	TYPE	https://gedcom.io/terms/v7/TYPE
https://gedcom.io/terms/v7/INDI-FACT	TYPE	https://gedcom.io/terms/v7/TYPE
https://gedcom.io/terms/v7/INDI-NCHI	TYPE	https://gedcom.io/terms/v7/TYPE
https://gedcom.io/terms/v7/INDI-RELI	TYPE	https://gedcom.io/terms/v7/TYPE
https://gedcom.io/terms/v7/INDI-RESI	TYPE	https://gedcom.io/terms/v7/TYPE
https://gedcom.io/terms/v7/INDI-TITL	TYPE	https://gedcom.io/terms/v7/TYPE
https://gedcom.io/terms/v7/MARB	TYPE	https://gedcom.io/terms/v7/TYPE
https://gedcom.io/terms/v7/MARC	TYPE	https://gedcom.io/terms/v7/TYPE
https://gedcom.io/terms/v7/MARL	TYPE	https://gedcom.io/terms/v7/TYPE
https://gedcom.io/terms/v7/MARR	TYPE	https://gedcom.io/terms/v7/TYPE
https://gedcom.io/terms/v7/MARS	TYPE	https://gedcom.io/terms/v7/TYPE
https://gedcom.io/terms/v7/NATI	TYPE	https://gedcom.io/terms/v7/TYPE
https://gedcom.io/terms/v7/NATU	TYPE	https://gedcom.io/terms/v7/TYPE
https://gedcom.io/terms/v7/NMR	TYPE	https://gedcom.io/terms/v7/TYPE
https://gedcom.io/terms/v7/OCCU	TYPE	https://gedcom.io/terms/v7/TYPE
https://gedcom.io/terms/v7/ORDN	TYPE	https://gedcom.io/terms/v7/TYPE
https://gedcom.io/terms/v7/PROB	TYPE	https://gedcom.io/terms/v7/TYPE
https://gedcom.io/terms/v7/PROP	TYPE	https://gedcom.io/terms/v7/TYPE
https://gedcom.io/terms/v7/REFN	TYPE	https://gedcom.io/terms/v7/TYPE
https://gedcom.io/terms/v7/RETI	TYPE	https://gedcom.io/terms/v7/TYPE
https://gedcom.io/terms/v7/SSN	TYPE	https://gedcom.io/terms/v7/TYPE
https://gedcom.io/terms/v7/WILL	TYPE	https://gedcom.io/terms/v7/TYPE
https://gedcom.io/terms/v7/INDI-NAME	TYPE	https://gedcom.io/terms/v7/NAME-TYPE
https://gedcom.io/terms/v7/EXID	TYPE	https://gedcom.io/terms/v7/EXID-TYPE
https://gedcom.io/terms/v7/ADOP	UID	https://gedcom.io/terms/v7/UID
https://gedcom.io/terms/v7/ANUL	UID	https://gedcom.io/terms/v7/UID
https://gedcom.io/terms/v7/BAPM	UID	https://gedcom.io/terms/v7/UID
https://gedcom.io/terms/v7/BARM	UID	https://gedcom.io/terms/v7/UID
https://gedcom.io/terms/v7/BASM	UID	https://gedcom.io/terms/v7/UID
https://gedcom.io/terms/v7/BIRT	UID	https://gedcom.io/terms/v7/UID
https://gedcom.io/terms/v7/BLES	UID	https://gedcom.io/terms/v7/UID
https://gedcom.io/terms/v7/BURI	UID	https://gedcom.io/terms/v7/UID
https://gedcom.io/terms/v7/CAST	UID	https://gedcom.io/terms/v7/UID
https://gedcom.io/terms/v7/CHR	UID	https://gedcom.io/terms/v7/UID
https://gedcom.io/terms/v7/CHRA	UID	https://gedcom.io/terms/v7/UID
https://gedcom.io/terms/v7/CONF	UID	https://gedcom.io/terms/v7/UID
https://gedcom.io/terms/v7/CREM	UID	https://gedcom.io/terms/v7/UID
https://gedcom.io/terms/v7/DEAT	UID	https://gedcom.io/terms/v7/UID
https://gedcom.io/terms/v7/DIV	UID	https://gedcom.io/terms/v7/UID
https://gedcom.io/terms/v7/DIVF	UID	https://gedcom.io/terms/v7/UID
https://gedcom.io/terms/v7/DSCR	UID	https://gedcom.io/terms/v7/UID
https://gedcom.io/terms/v7/EDUC	UID	https://gedcom.io/terms/v7/UID
https://gedcom.io/terms/v7/EMIG	UID	https://gedcom.io/terms/v7/UID
https://gedcom.io/terms/v7/ENGA	UID	https://gedcom.io/terms/v7/UID
https://gedcom.io/terms/v7/FAM-CENS	UID	https://gedcom.io/terms/v7/UID
https://gedcom.io/terms/v7/FAM-EVEN	UID	https://gedcom.io/terms/v7/UID
https://gedcom.io/terms/v7/FAM-FACT	UID	https://gedcom.io/terms/v7/UID
https://gedcom.io/terms/v7/FAM-NCHI	UID	https://gedcom.io/terms/v7/UID
https://gedcom.io/terms/v7/FAM-RESI	UID	https://gedcom.io/terms/v7/UID
https://gedcom.io/terms/v7/FCOM	UID	https://gedcom.io/terms/v7/UID
https://gedcom.io/terms/v7/GRAD	UID	https://gedcom.io/terms/v7/UID
https://gedcom.io/terms/v7/IDNO	UID	https://gedcom.io/terms/v7/UID
https://gedcom.io/terms/v7/IMMI	UID	https://gedcom.io/terms/v7/UID
https://gedcom.io/terms/v7/INDI-CENS	UID	https://gedcom.io/terms/v7/UID
https://gedcom.io/terms/v7/INDI-EVEN	UID	https://gedcom.io/terms/v7/UID
https://gedcom.io/terms/v7/INDI-FACT	UID	https://gedcom.io/terms/v7/UID
https://gedcom.io/terms/v7/INDI-NCHI	UID	https://gedcom.io/terms/v7/UID
https://gedcom.io/terms/v7/INDI-RELI	UID	https://gedcom.io/terms/v7/UID
https://gedcom.io/terms/v7/INDI-RESI	UID	https://gedcom.io/terms/v7/UID
https://gedcom.io/terms/v7/INDI-TITL	UID	https://gedcom.io/terms/v7/UID
https://gedcom.io/terms/v7/MARB	UID	https://gedcom.io/terms/v7/UID
https://gedcom.io/terms/v7/MARC	UID	https://gedcom.io/terms/v7/UID
https://gedcom.io/terms/v7/MARL	UID	https://gedcom.io/terms/v7/UID
https://gedcom.io/terms/v7/MARR	UID	https://gedcom.io/terms/v7/UID
https://gedcom.io/terms/v7/MARS	UID	https://gedcom.io/terms/v7/UID
https://gedcom.io/terms/v7/NATI	UID	https://gedcom.io/terms/v7/UID
https://gedcom.io/terms/v7/NATU	UID	https://gedcom.io/terms/v7/UID
https://gedcom.io/terms/v7/NMR	UID	https://gedcom.io/terms/v7/UID
https://gedcom.io/terms/v7/OCCU	UID	https://gedcom.io/terms/v7/UID
https://gedcom.io/terms/v7/ORDN	UID	https://gedcom.io/terms/v7/UID
https://gedcom.io/terms/v7/PROB	UID	https://gedcom.io/terms/v7/UID
https://gedcom.io/terms/v7/PROP	UID	https://gedcom.io/terms/v7/UID
https://gedcom.io/terms/v7/RETI	UID	https://gedcom.io/terms/v7/UID
https://gedcom.io/terms/v7/SSN	UID	https://gedcom.io/terms/v7/UID
https://gedcom.io/terms/v7/WILL	UID	https://gedcom.io/terms/v7/UID
https://gedcom.io/terms/v7/record-FAM	UID	https://gedcom.io/terms/v7/UID
https://gedcom.io/terms/v7/record-INDI	UID	https://gedcom.io/terms/v7/UID
https://gedcom.io/terms/v7/record-OBJE	UID	https://gedcom.io/terms/v7/UID
https://gedcom.io/terms/v7/record-REPO	UID	https://gedcom.io/terms/v7/UID
https://gedcom.io/terms/v7/record-SNOTE	UID	https://gedcom.io/terms/v7/UID
https://gedcom.io/terms/v7/record-SOUR	UID	https://gedcom.io/terms/v7/UID
https://gedcom.io/terms/v7/record-SUBM	UID	https://gedcom.io/terms/v7/UID
https://gedcom.io/terms/v7/HEAD-SOUR	VERS	https://gedcom.io/terms/v7/VERS
https://gedcom.io/terms/v7/GEDC	VERS	https://gedcom.io/terms/v7/GEDC-VERS
https://gedcom.io/terms/v7/CROP	WIDTH	https://gedcom.io/terms/v7/WIDTH
https://gedcom.io/terms/v7/ANUL	WIFE	https://gedcom.io/terms/v7/WIFE
https://gedcom.io/terms/v7/DIV	WIFE	https://gedcom.io/terms/v7/WIFE
https://gedcom.io/terms/v7/DIVF	WIFE	https://gedcom.io/terms/v7/WIFE
https://gedcom.io/terms/v7/ENGA	WIFE	https://gedcom.io/terms/v7/WIFE
https://gedcom.io/terms/v7/FAM-CENS	WIFE	https://gedcom.io/terms/v7/WIFE
https://gedcom.io/terms/v7/FAM-EVEN	WIFE	https://gedcom.io/terms/v7/WIFE
https://gedcom.io/terms/v7/FAM-FACT	WIFE	https://gedcom.io/terms/v7/WIFE
https://gedcom.io/terms/v7/FAM-NCHI	WIFE	https://gedcom.io/terms/v7/WIFE
https://gedcom.io/terms/v7/FAM-RESI	WIFE	https://gedcom.io/terms/v7/WIFE
https://gedcom.io/terms/v7/MARB	WIFE	https://gedcom.io/terms/v7/WIFE
https://gedcom.io/terms/v7/MARC	WIFE	https://gedcom.io/terms/v7/WIFE
https://gedcom.io/terms/v7/MARL	WIFE	https://gedcom.io/terms/v7/WIFE
https://gedcom.io/terms/v7/MARR	WIFE	https://gedcom.io/terms/v7/WIFE
https://gedcom.io/terms/v7/MARS	WIFE	https://gedcom.io/terms/v7/WIFE
https://gedcom.io/terms/v7/record-FAM	WIFE	https://gedcom.io/terms/v7/FAM-WIFE
https://gedcom.io/terms/v7/record-INDI	WILL	https://gedcom.io/terms/v7/WILL
https://gedcom.io/terms/v7/ADOP	WWW	https://gedcom.io/terms/v7/WWW
https://gedcom.io/terms/v7/ANUL	WWW	https://gedcom.io/terms/v7/WWW
https://gedcom.io/terms/v7/BAPM	WWW	https://gedcom.io/terms/v7/WWW
https://gedcom.io/terms/v7/BARM	WWW	https://gedcom.io/terms/v7/WWW
https://gedcom.io/terms/v7/BASM	WWW	https://gedcom.io/terms/v7/WWW
https://gedcom.io/terms/v7/BIRT	WWW	https://gedcom.io/terms/v7/WWW
https://gedcom.io/terms/v7/BLES	WWW	https://gedcom.io/terms/v7/WWW
https://gedcom.io/terms/v7/BURI	WWW	https://gedcom.io/terms/v7/WWW
https://gedcom.io/terms/v7/CAST	WWW	https://gedcom.io/terms/v7/WWW
https://gedcom.io/terms/v7/CHR	WWW	https://gedcom.io/terms/v7/WWW
https://gedcom.io/terms/v7/CHRA	WWW	https://gedcom.io/terms/v7/WWW
https://gedcom.io/terms/v7/CONF	WWW	https://gedcom.io/terms/v7/WWW
https://gedcom.io/terms/v7/CORP	WWW	https://gedcom.io/terms/v7/WWW
https://gedcom.io/terms/v7/CREM	WWW	https://gedcom.io/terms/v7/WWW
https://gedcom.io/terms/v7/DEAT	WWW	https://gedcom.io/terms/v7/WWW
https://gedcom.io/terms/v7/DIV	WWW	https://gedcom.io/terms/v7/WWW
https://gedcom.io/terms/v7/DIVF	WWW	https://gedcom.io/terms/v7/WWW
https://gedcom.io/terms/v7/DSCR	WWW	https://gedcom.io/terms/v7/WWW
https://gedcom.io/terms/v7/EDUC	WWW	https://gedcom.io/terms/v7/WWW
https://gedcom.io/terms/v7/EMIG	WWW	https://gedcom.io/terms/v7/WWW
https://gedcom.io/terms/v7/ENGA	WWW	https://gedcom.io/terms/v7/WWW
https://gedcom.io/terms/v7/FAM-CENS	WWW	https://gedcom.io/terms/v7/WWW
https://gedcom.io/terms/v7/FAM-EVEN	WWW	https://gedcom.io/terms/v7/WWW
https://gedcom.io/terms/v7/FAM-FACT	WWW	https://gedcom.io/terms/v7/WWW
https://gedcom.io/terms/v7/FAM-NCHI	WWW	https://gedcom.io/terms/v7/WWW
https://gedcom.io/terms/v7/FAM-RESI	WWW	https://gedcom.io/terms/v7/WWW
https://gedcom.io/terms/v7/FCOM	WWW	https://gedcom.io/terms/v7/WWW
https://gedcom.io/terms/v7/GRAD	WWW	https://gedcom.io/terms/v7/WWW
https://gedcom.io/terms/v7/IDNO	WWW	https://gedcom.io/terms/v7/WWW
https://gedcom.io/terms/v7/IMMI	WWW	https://gedcom.io/terms/v7/WWW
https://gedcom.io/terms/v7/INDI-CENS	WWW	https://gedcom.io/terms/v7/WWW
https://gedcom.io/terms/v7/INDI-EVEN	WWW	https://gedcom.io/terms/v7/WWW
https://gedcom.io/terms/v7/INDI-FACT	WWW	https://gedcom.io/terms/v7/WWW
https://gedcom.io/terms/v7/INDI-NCHI	WWW	https://gedcom.io/terms/v7/WWW
https://gedcom.io/terms/v7/INDI-RELI	WWW	https://gedcom.io/terms/v7/WWW
https://gedcom.io/terms/v7/INDI-RESI	WWW	https://gedcom.io/terms/v7/WWW
https://gedcom.io/terms/v7/INDI-TITL	WWW	https://gedcom.io/terms/v7/WWW
https://gedcom.io/terms/v7/MARB	WWW	https://gedcom.io/terms/v7/WWW
https://gedcom.io/terms/v7/MARC	WWW	https://gedcom.io/terms/v7/WWW
https://gedcom.io/terms/v7/MARL	WWW	https://gedcom.io/terms/v7/WWW
https://gedcom.io/terms/v7/MARR	WWW	https://gedcom.io/terms/v7/WWW
https://gedcom.io/terms/v7/MARS	WWW	https://gedcom.io/terms/v7/WWW
https://gedcom.io/terms/v7/NATI	WWW	https://gedcom.io/terms/v7/WWW
https://gedcom.io/terms/v7/NATU	WWW	https://gedcom.io/terms/v7/WWW
https://gedcom.io/terms/v7/NMR	WWW	https://gedcom.io/terms/v7/WWW
https://gedcom.io/terms/v7/OCCU	WWW	https://gedcom.io/terms/v7/WWW
https://gedcom.io/terms/v7/ORDN	WWW	https://gedcom.io/terms/v7/WWW
https://gedcom.io/terms/v7/PROB	WWW	https://gedcom.io/terms/v7/WWW
https://gedcom.io/terms/v7/PROP	WWW	https://gedcom.io/terms/v7/WWW
https://gedcom.io/terms/v7/RETI	WWW	https://gedcom.io/terms/v7/WWW
https://gedcom.io/terms/v7/SSN	WWW	https://gedcom.io/terms/v7/WWW
https://gedcom.io/terms/v7/WILL	WWW	https://gedcom.io/terms/v7/WWW
https://gedcom.io/terms/v7/record-REPO	WWW	https://gedcom.io/terms/v7/WWW
https://gedcom.io/terms/v7/record-SUBM	WWW	https://gedcom.io/terms/v7/WWW
